4.0,95.34,95.77,95.52,96.01,98.54,98.65,97.61,96.02,94.20,96.96,100.87,100.31,98.37,97.60,97.25,97.61,98.12,98.81,99.74,99.28,98.66,98.61,98.91,101.10,102.78,101.77,100.41,100.32,100.86,101.02,101.26,101.08,100.61,101.23,101.91,102.37,102.63,102.59,102.96,103.01,102.84,102.68,102.30,102.77,103.47,103.56,104.12,104.82,105.06,105.46,105.54,105.47,105.91,106.08,106.05,106.10,106.09,106.27,106.22,106.37,107.44,108.62,109.00,108.53,108.36,109.17,109.98,110.29,110.38,110.46,110.29,110.02,110.51,111.32,111.41,110.96,110.55,110.81,111.25,111.06,110.98,111.15,111.83,112.97,112.64,111.68,111.67,112.17,113.19,113.20,112.69,113.36,113.39,112.98,112.95,112.62,113.19,114.40,115.09,115.03,114.61,114.81,114.88,114.77,114.99,114.64,114.13,113.81,113.78,114.18,114.35,114.54,114.66,114.53,114.44,113.93,113.77,114.22,114.47,114.38,114.06,113.91,113.79,114.01,114.72,114.88,114.50,114.10
4.0,108.36,109.17,109.98,110.29,110.38,110.46,110.29,110.02,110.51,111.32,111.41,110.96,110.55,110.81,111.25,111.06,110.98,111.15,111.83,112.97,112.64,111.68,111.67,112.17,113.19,113.20,112.69,113.36,113.39,112.98,112.95,112.62,113.19,114.40,115.09,115.03,114.61,114.81,114.88,114.77,114.99,114.64,114.13,113.81,113.78,114.18,114.35,114.54,114.66,114.53,114.44,113.93,113.77,114.22,114.47,114.38,114.06,113.91,113.79,114.01,114.72,114.88,114.50,114.10,114.20,114.32,113.87,113.69,113.59,113.50,113.64,113.46,113.45,113.41,113.45,114.18,114.55,114.55,114.64,114.21,113.54,113.37,113.64,113.74,113.64,113.75,113.72,112.94,112.30,113.33,114.48,113.88,113.46,113.75,113.47,113.44,113.42,113.02,113.21,113.36,113.25,113.03,112.45,112.47,112.58,112.32,112.68,112.74,112.26,112.28,112.24,111.85,111.71,112.16,112.81,112.60,112.03,112.19,112.48,112.65,112.52,112.22,112.68,113.02,112.63,112.10,111.61,111.96
4.0,114.20,114.32,113.87,113.69,113.59,113.50,113.64,113.46,113.45,113.41,113.45,114.18,114.55,114.55,114.64,114.21,113.54,113.37,113.64,113.74,113.64,113.75,113.72,112.94,112.30,113.33,114.48,113.88,113.46,113.75,113.47,113.44,113.42,113.02,113.21,113.36,113.25,113.03,112.45,112.47,112.58,112.32,112.68,112.74,112.26,112.28,112.24,111.85,111.71,112.16,112.81,112.60,112.03,112.19,112.48,112.65,112.52,112.22,112.68,113.02,112.63,112.10,111.61,111.96,112.52,112.19,112.12,112.37,112.29,112.34,112.16,111.80,111.98,112.25,112.28,112.28,112.30,112.22,112.04,112.07,111.90,111.80,112.05,111.87,111.89,112.02,111.91,112.38,112.77,112.84,112.95,113.04,113.10,112.75,112.40,112.19,112.19,112.46,112.50,112.60,112.45,112.28,112.62,112.59,112.82,113.36,113.19,112.28,111.12,111.45,112.28,111.97,112.23,112.55,112.61,112.79,112.19,112.04,112.23,112.08,112.24,112.13,112.16,112.32,112.46,112.84,112.42,112.10
4.0,112.52,112.19,112.12,112.37,112.29,112.34,112.16,111.80,111.98,112.25,112.28,112.28,112.30,112.22,112.04,112.07,111.90,111.80,112.05,111.87,111.89,112.02,111.91,112.38,112.77,112.84,112.95,113.04,113.10,112.75,112.40,112.19,112.19,112.46,112.50,112.60,112.45,112.28,112.62,112.59,112.82,113.36,113.19,112.28,111.12,111.45,112.28,111.97,112.23,112.55,112.61,112.79,112.19,112.04,112.23,112.08,112.24,112.13,112.16,112.32,112.46,112.84,112.42,112.10,112.79,113.23,113.03,112.73,112.66,112.59,112.59,112.42,112.08,112.32,112.35,112.23,112.72,112.53,110.93,108.75,107.01,105.53,105.25,105.99,103.91,102.26,105.18,108.04,110.71,117.45,124.93,124.80,120.90,121.23,117.46,111.88,116.67,128.57,140.33,140.26,132.96,131.77,123.93,117.94,128.74,134.03,128.20,121.20,112.16,104.78,103.01,104.73,104.76,106.82,110.35,104.80,93.91,83.55,79.71,85.57,87.79,84.81,83.46,79.02,71.16,66.75,67.86,73.31
4.0,112.79,113.23,113.03,112.73,112.66,112.59,112.59,112.42,112.08,112.32,112.35,112.23,112.72,112.53,110.93,108.75,107.01,105.53,105.25,105.99,103.91,102.26,105.18,108.04,110.71,117.45,124.93,124.80,120.90,121.23,117.46,111.88,116.67,128.57,140.33,140.26,132.96,131.77,123.93,117.94,128.74,134.03,128.20,121.20,112.16,104.78,103.01,104.73,104.76,106.82,110.35,104.80,93.91,83.55,79.71,85.57,87.79,84.81,83.46,79.02,71.16,66.75,67.86,73.31,85.42,97.05,95.65,87.91,85.29,88.42,94.09,97.74,99.95,98.95,93.05,91.37,94.95,99.72,103.15,98.47,90.31,87.09,90.16,95.03,93.66,88.66,83.15,80.81,84.86,86.08,85.66,85.20,79.69,76.07,74.85,75.65,78.82,78.45,80.45,83.78,83.38,86.05,89.97,91.33,90.12,88.35,91.17,94.70,96.43,97.02,93.84,90.99,91.26,92.09,92.76,93.88,95.22,94.25,92.26,92.34,95.14,100.44,103.30,101.99,101.17,101.69,102.38,103.55
4.0,85.42,97.05,95.65,87.91,85.29,88.42,94.09,97.74,99.95,98.95,93.05,91.37,94.95,99.72,103.15,98.47,90.31,87.09,90.16,95.03,93.66,88.66,83.15,80.81,84.86,86.08,85.66,85.20,79.69,76.07,74.85,75.65,78.82,78.45,80.45,83.78,83.38,86.05,89.97,91.33,90.12,88.35,91.17,94.70,96.43,97.02,93.84,90.99,91.26,92.09,92.76,93.88,95.22,94.25,92.26,92.34,95.14,100.44,103.30,101.99,101.17,101.69,102.38,103.55,105.10,106.06,106.56,106.86,106.07,105.20,105.68,106.45,106.36,106.72,107.62,108.15,109.71,110.92,111.01,111.52,111.06,110.25,109.97,109.48,109.82,110.46,111.09,112.09,112.72,113.20,113.53,113.62,113.26,112.65,113.41,114.58,114.73,114.98,115.02,114.55,114.63,115.02,115.43,115.69,115.61,115.65,115.64,115.84,116.21,116.16,116.41,117.00,117.05,116.32,115.66,116.35,117.14,116.82,116.76,116.73,116.31,116.57,116.77,116.71,117.01,116.99,116.91,116.79
4.0,105.10,106.06,106.56,106.86,106.07,105.20,105.68,106.45,106.36,106.72,107.62,108.15,109.71,110.92,111.01,111.52,111.06,110.25,109.97,109.48,109.82,110.46,111.09,112.09,112.72,113.20,113.53,113.62,113.26,112.65,113.41,114.58,114.73,114.98,115.02,114.55,114.63,115.02,115.43,115.69,115.61,115.65,115.64,115.84,116.21,116.16,116.41,117.00,117.05,116.32,115.66,116.35,117.14,116.82,116.76,116.73,116.31,116.57,116.77,116.71,117.01,116.99,116.91,116.79,116.50,116.67,116.91,117.05,116.89,116.49,116.55,116.26,115.74,115.95,116.29,116.66,116.70,115.59,114.76,115.71,116.61,115.85,115.30,115.51,115.26,115.18,115.16,114.62,114.46,114.85,115.22,114.90,114.55,115.34,115.64,114.57,113.71,113.92,114.27,113.98,113.99,114.04,113.89,114.20,114.07,113.75,113.57,113.35,113.69,113.66,113.32,112.86,112.06,112.34,113.10,113.23,112.91,112.19,112.27,112.88,112.98,112.80,112.30,112.13,112.01,111.55,111.99,112.49
4.0,116.50,116.67,116.91,117.05,116.89,116.49,116.55,116.26,115.74,115.95,116.29,116.66,116.70,115.59,114.76,115.71,116.61,115.85,115.30,115.51,115.26,115.18,115.16,114.62,114.46,114.85,115.22,114.90,114.55,115.34,115.64,114.57,113.71,113.92,114.27,113.98,113.99,114.04,113.89,114.20,114.07,113.75,113.57,113.35,113.69,113.66,113.32,112.86,112.06,112.34,113.10,113.23,112.91,112.19,112.27,112.88,112.98,112.80,112.30,112.13,112.01,111.55,111.99,112.49,112.11,111.65,111.40,111.67,112.00,111.96,111.96,112.10,112.34,112.31,112.02,112.00,111.87,111.80,112.47,112.74,111.92,111.39,111.48,111.53,111.73,112.14,112.35,111.92,111.38,111.45,111.53,111.49,111.68,111.81,111.72,111.40,111.19,111.41,111.64,111.62,111.85,112.10,111.29,110.48,111.13,111.68,111.41,111.50,111.69,111.78,112.08,111.84,111.58,111.85,111.81,111.93,112.24,112.25,112.43,112.47,112.37,112.49,112.44,112.34,112.39,112.56,112.62,112.52
4.0,112.11,111.65,111.40,111.67,112.00,111.96,111.96,112.10,112.34,112.31,112.02,112.00,111.87,111.80,112.47,112.74,111.92,111.39,111.48,111.53,111.73,112.14,112.35,111.92,111.38,111.45,111.53,111.49,111.68,111.81,111.72,111.40,111.19,111.41,111.64,111.62,111.85,112.10,111.29,110.48,111.13,111.68,111.41,111.50,111.69,111.78,112.08,111.84,111.58,111.85,111.81,111.93,112.24,112.25,112.43,112.47,112.37,112.49,112.44,112.34,112.39,112.56,112.62,112.52,112.60,112.65,112.55,112.50,112.34,112.37,112.50,112.41,112.46,112.44,112.11,111.89,111.94,112.03,111.82,111.70,111.97,112.11,112.17,112.65,113.34,113.29,112.67,112.71,112.81,112.72,113.05,112.85,112.54,112.83,112.92,113.01,113.09,112.92,112.92,112.95,113.20,113.44,113.09,113.01,113.32,113.51,113.55,113.45,113.61,113.65,113.18,112.99,113.04,112.92,112.86,113.28,113.83,113.58,113.11,113.07,112.99,113.08,113.12,113.07,113.14,112.94,112.91,112.63
4.0,112.60,112.65,112.55,112.50,112.34,112.37,112.50,112.41,112.46,112.44,112.11,111.89,111.94,112.03,111.82,111.70,111.97,112.11,112.17,112.65,113.34,113.29,112.67,112.71,112.81,112.72,113.05,112.85,112.54,112.83,112.92,113.01,113.09,112.92,112.92,112.95,113.20,113.44,113.09,113.01,113.32,113.51,113.55,113.45,113.61,113.65,113.18,112.99,113.04,112.92,112.86,113.28,113.83,113.58,113.11,113.07,112.99,113.08,113.12,113.07,113.14,112.94,112.91,112.63,112.04,112.33,112.77,113.00,112.94,112.31,112.38,112.60,112.63,113.23,113.49,113.69,113.53,112.72,112.96,113.55,113.59,113.05,111.92,111.98,112.77,112.96,113.19,113.07,112.73,112.85,113.18,113.40,112.98,112.62,112.79,112.82,112.73,112.75,112.73,112.55,112.40,112.49,112.63,112.76,112.61,112.14,111.85,112.33,112.95,112.55,111.82,111.50,111.49,111.86,111.89,111.76,112.01,112.31,112.79,112.71,112.27,112.42,112.31,112.14,112.12,111.96,111.99,111.73
4.0,112.04,112.33,112.77,113.00,112.94,112.31,112.38,112.60,112.63,113.23,113.49,113.69,113.53,112.72,112.96,113.55,113.59,113.05,111.92,111.98,112.77,112.96,113.19,113.07,112.73,112.85,113.18,113.40,112.98,112.62,112.79,112.82,112.73,112.75,112.73,112.55,112.40,112.49,112.63,112.76,112.61,112.14,111.85,112.33,112.95,112.55,111.82,111.50,111.49,111.86,111.89,111.76,112.01,112.31,112.79,112.71,112.27,112.42,112.31,112.14,112.12,111.96,111.99,111.73,111.67,112.11,112.25,112.12,111.82,111.77,111.73,111.44,111.65,111.83,112.08,112.62,112.69,112.51,112.17,112.07,112.41,113.00,113.73,113.25,112.28,112.26,112.04,111.84,112.28,112.63,112.88,112.84,112.63,112.49,111.99,111.94,112.48,112.60,112.41,112.30,112.64,113.05,112.82,112.63,112.64,112.56,112.67,112.64,112.60,112.69,112.63,112.66,112.68,112.64,112.66,112.50,112.35,112.48,112.80,113.06,113.07,113.26,113.65,113.61,113.65,114.26,114.23,113.06
4.0,112.02,112.65,110.63,109.41,110.63,110.81,110.48,110.50,111.06,110.19,109.13,109.79,109.99,110.31,110.71,110.00,109.30,108.33,106.93,106.70,108.53,110.46,109.96,108.60,108.41,108.59,109.05,109.76,110.06,109.81,108.87,108.61,109.64,110.35,110.03,109.10,108.67,108.88,109.08,109.39,109.69,109.92,109.85,109.77,109.82,109.25,108.88,109.35,109.92,109.86,109.88,110.41,110.13,109.99,110.37,110.27,110.37,110.31,110.43,111.16,111.27,111.61,112.64,112.69,111.36,109.74,109.24,110.59,111.75,110.95,110.19,110.20,110.46,111.24,111.29,111.03,111.12,110.73,110.97,111.70,111.94,112.05,111.95,112.08,112.20,111.91,111.83,111.73,111.84,112.16,112.16,112.14,112.05,112.52,113.59,113.67,112.30,110.97,111.93,113.81,114.09,113.63,112.82,112.31,112.61,112.49,112.54,112.66,112.51,112.64,112.25,111.82,111.89,112.09,112.46,112.53,112.64,112.83,112.77,112.85,113.10,113.32,113.21,113.15,113.35,113.33,113.28,112.67
4.0,111.36,109.74,109.24,110.59,111.75,110.95,110.19,110.20,110.46,111.24,111.29,111.03,111.12,110.73,110.97,111.70,111.94,112.05,111.95,112.08,112.20,111.91,111.83,111.73,111.84,112.16,112.16,112.14,112.05,112.52,113.59,113.67,112.30,110.97,111.93,113.81,114.09,113.63,112.82,112.31,112.61,112.49,112.54,112.66,112.51,112.64,112.25,111.82,111.89,112.09,112.46,112.53,112.64,112.83,112.77,112.85,113.10,113.32,113.21,113.15,113.35,113.33,113.28,112.67,111.85,112.04,112.53,112.95,113.64,114.04,113.58,112.74,112.41,112.34,112.57,113.00,112.61,112.05,112.01,111.97,112.05,112.02,112.02,112.51,113.13,113.50,113.11,112.54,112.50,112.48,112.67,113.23,113.74,113.71,113.36,113.39,112.97,112.49,112.85,112.77,112.64,112.79,112.49,112.51,112.97,113.40,113.30,112.90,112.92,112.61,112.29,112.61,112.74,112.66,112.66,112.84,113.03,113.07,113.22,113.10,112.60,112.22,112.31,112.63,112.65,112.76,113.06,113.40
4.0,111.85,112.04,112.53,112.95,113.64,114.04,113.58,112.74,112.41,112.34,112.57,113.00,112.61,112.05,112.01,111.97,112.05,112.02,112.02,112.51,113.13,113.50,113.11,112.54,112.50,112.48,112.67,113.23,113.74,113.71,113.36,113.39,112.97,112.49,112.85,112.77,112.64,112.79,112.49,112.51,112.97,113.40,113.30,112.90,112.92,112.61,112.29,112.61,112.74,112.66,112.66,112.84,113.03,113.07,113.22,113.10,112.60,112.22,112.31,112.63,112.65,112.76,113.06,113.40,113.99,114.07,113.81,113.85,113.43,112.96,113.42,113.78,113.25,112.90,113.16,113.32,113.47,113.53,113.22,112.97,112.55,111.96,112.00,112.03,111.86,112.36,112.76,112.83,113.25,113.53,112.85,111.38,110.80,111.70,112.45,112.47,112.33,112.38,112.44,112.46,112.57,112.50,112.59,112.70,112.36,112.40,112.89,113.25,113.06,112.69,112.91,112.95,112.76,112.90,112.72,112.60,112.65,112.40,112.56,112.65,112.15,111.94,112.16,112.66,113.35,113.56,113.36,113.54
4.0,113.99,114.07,113.81,113.85,113.43,112.96,113.42,113.78,113.25,112.90,113.16,113.32,113.47,113.53,113.22,112.97,112.55,111.96,112.00,112.03,111.86,112.36,112.76,112.83,113.25,113.53,112.85,111.38,110.80,111.70,112.45,112.47,112.33,112.38,112.44,112.46,112.57,112.50,112.59,112.70,112.36,112.40,112.89,113.25,113.06,112.69,112.91,112.95,112.76,112.90,112.72,112.60,112.65,112.40,112.56,112.65,112.15,111.94,112.16,112.66,113.35,113.56,113.36,113.54,113.74,113.36,112.78,112.58,113.23,113.77,112.65,111.54,112.05,112.25,111.84,112.18,112.76,113.58,114.03,112.65,111.44,111.70,111.61,111.56,112.42,112.77,112.48,112.54,112.60,112.51,112.61,112.79,113.21,113.51,113.35,113.31,113.34,112.94,112.32,111.95,111.78,111.57,111.60,111.98,112.11,112.00,112.18,112.37,112.24,112.08,112.02,112.16,112.44,112.71,113.16,113.21,112.68,112.73,113.00,112.65,112.30,111.96,111.96,112.55,112.64,112.56,112.66,112.71
4.0,113.74,113.36,112.78,112.58,113.23,113.77,112.65,111.54,112.05,112.25,111.84,112.18,112.76,113.58,114.03,112.65,111.44,111.70,111.61,111.56,112.42,112.77,112.48,112.54,112.60,112.51,112.61,112.79,113.21,113.51,113.35,113.31,113.34,112.94,112.32,111.95,111.78,111.57,111.60,111.98,112.11,112.00,112.18,112.37,112.24,112.08,112.02,112.16,112.44,112.71,113.16,113.21,112.68,112.73,113.00,112.65,112.30,111.96,111.96,112.55,112.64,112.56,112.66,112.71,113.03,113.23,113.44,113.46,112.94,112.81,112.81,112.45,111.93,111.60,111.91,112.03,112.03,112.18,112.01,112.09,112.14,112.01,112.18,112.25,112.40,112.40,112.11,112.10,112.19,112.53,112.52,111.63,111.39,112.06,112.26,112.11,112.38,112.83,113.06,112.98,112.89,113.02,112.97,112.94,113.03,112.89,112.65,112.37,112.25,111.88,111.19,111.67,112.44,112.10,111.81,111.67,111.60,111.97,112.07,112.28,112.71,112.69,112.79,112.87,112.74,112.76,112.48,112.22
4.0,113.03,113.23,113.44,113.46,112.94,112.81,112.81,112.45,111.93,111.60,111.91,112.03,112.03,112.18,112.01,112.09,112.14,112.01,112.18,112.25,112.40,112.40,112.11,112.10,112.19,112.53,112.52,111.63,111.39,112.06,112.26,112.11,112.38,112.83,113.06,112.98,112.89,113.02,112.97,112.94,113.03,112.89,112.65,112.37,112.25,111.88,111.19,111.67,112.44,112.10,111.81,111.67,111.60,111.97,112.07,112.28,112.71,112.69,112.79,112.87,112.74,112.76,112.48,112.22,112.62,113.01,112.84,112.68,112.58,112.19,112.35,112.98,113.22,113.27,113.43,113.55,112.59,111.43,112.47,113.61,113.07,113.07,113.33,113.07,113.21,113.22,113.12,113.24,113.20,113.35,113.54,113.45,113.40,113.30,113.13,113.16,113.16,112.82,112.52,112.69,113.04,113.24,113.27,113.45,113.82,113.72,113.39,113.42,113.40,113.38,113.47,113.52,113.57,112.98,112.33,112.86,113.30,112.79,112.45,112.32,111.97,111.89,111.98,111.95,112.20,112.80,113.33,113.37
4.0,112.62,113.01,112.84,112.68,112.58,112.19,112.35,112.98,113.22,113.27,113.43,113.55,112.59,111.43,112.47,113.61,113.07,113.07,113.33,113.07,113.21,113.22,113.12,113.24,113.20,113.35,113.54,113.45,113.40,113.30,113.13,113.16,113.16,112.82,112.52,112.69,113.04,113.24,113.27,113.45,113.82,113.72,113.39,113.42,113.40,113.38,113.47,113.52,113.57,112.98,112.33,112.86,113.30,112.79,112.45,112.32,111.97,111.89,111.98,111.95,112.20,112.80,113.33,113.37,113.32,113.52,113.19,112.75,112.82,112.31,111.56,111.99,113.04,113.54,113.03,112.40,113.10,113.78,113.15,112.63,112.24,112.11,112.47,112.06,111.87,112.15,111.92,112.02,112.04,111.92,112.06,111.94,111.99,112.01,112.00,112.37,112.52,112.21,111.81,111.90,111.92,111.58,111.88,112.11,111.90,112.06,112.38,112.74,112.74,112.40,112.56,112.79,112.63,111.99,111.22,111.64,112.57,112.62,112.50,112.32,112.20,112.54,112.31,111.82,111.85,111.92,112.30,112.85
4.0,113.32,113.52,113.19,112.75,112.82,112.31,111.56,111.99,113.04,113.54,113.03,112.40,113.10,113.78,113.15,112.63,112.24,112.11,112.47,112.06,111.87,112.15,111.92,112.02,112.04,111.92,112.06,111.94,111.99,112.01,112.00,112.37,112.52,112.21,111.81,111.90,111.92,111.58,111.88,112.11,111.90,112.06,112.38,112.74,112.74,112.40,112.56,112.79,112.63,111.99,111.22,111.64,112.57,112.62,112.50,112.32,112.20,112.54,112.31,111.82,111.85,111.92,112.30,112.85,113.25,113.10,112.36,112.30,112.53,112.47,112.61,112.39,112.33,112.63,112.72,113.13,113.27,113.08,112.87,112.31,112.55,112.98,112.48,112.41,112.69,112.98,113.37,112.70,112.00,112.79,113.28,112.34,111.32,111.07,111.35,111.61,111.58,112.21,113.37,113.46,112.75,112.41,112.55,112.63,112.35,112.25,112.45,112.83,113.22,112.81,112.22,112.52,112.90,112.89,112.91,113.04,113.03,112.32,111.48,111.91,112.89,113.30,113.16,112.50,112.06,112.20,112.24,112.08
4.0,113.25,113.10,112.36,112.30,112.53,112.47,112.61,112.39,112.33,112.63,112.72,113.13,113.27,113.08,112.87,112.31,112.55,112.98,112.48,112.41,112.69,112.98,113.37,112.70,112.00,112.79,113.28,112.34,111.32,111.07,111.35,111.61,111.58,112.21,113.37,113.46,112.75,112.41,112.55,112.63,112.35,112.25,112.45,112.83,113.22,112.81,112.22,112.52,112.90,112.89,112.91,113.04,113.03,112.32,111.48,111.91,112.89,113.30,113.16,112.50,112.06,112.20,112.24,112.08,112.02,112.18,112.30,112.39,112.73,113.16,113.48,112.85,112.09,112.93,113.52,113.01,112.81,112.69,112.92,113.32,112.87,112.41,112.60,112.68,112.62,112.55,112.44,112.68,113.04,113.28,113.29,113.08,113.18,112.90,112.45,112.74,112.87,112.91,113.00,112.85,112.88,112.58,112.23,112.48,112.94,113.31,113.23,113.08,113.21,113.09,112.53,111.88,111.74,112.38,112.76,112.24,111.89,112.22,112.82,113.23,112.88,112.46,113.11,113.62,112.99,112.66,112.92,112.86
4.0,112.02,112.18,112.30,112.39,112.73,113.16,113.48,112.85,112.09,112.93,113.52,113.01,112.81,112.69,112.92,113.32,112.87,112.41,112.60,112.68,112.62,112.55,112.44,112.68,113.04,113.28,113.29,113.08,113.18,112.90,112.45,112.74,112.87,112.91,113.00,112.85,112.88,112.58,112.23,112.48,112.94,113.31,113.23,113.08,113.21,113.09,112.53,111.88,111.74,112.38,112.76,112.24,111.89,112.22,112.82,113.23,112.88,112.46,113.11,113.62,112.99,112.66,112.92,112.86,112.85,113.00,112.95,112.63,112.52,112.96,113.19,112.85,112.38,112.18,112.32,112.48,112.57,112.56,112.54,112.72,112.86,112.60,111.72,110.98,111.71,113.06,113.12,112.41,111.94,111.89,112.24,112.29,112.19,112.29,112.20,112.25,112.26,112.16,112.11,111.93,112.20,112.75,113.03,113.11,112.79,112.38,112.07,111.70,111.44,111.69,112.29,112.34,112.36,112.54,112.29,112.29,112.35,112.40,112.75,112.72,112.88,113.28,113.77,114.23,112.89,111.47,112.31,113.03
4.0,112.85,113.00,112.95,112.63,112.52,112.96,113.19,112.85,112.38,112.18,112.32,112.48,112.57,112.56,112.54,112.72,112.86,112.60,111.72,110.98,111.71,113.06,113.12,112.41,111.94,111.89,112.24,112.29,112.19,112.29,112.20,112.25,112.26,112.16,112.11,111.93,112.20,112.75,113.03,113.11,112.79,112.38,112.07,111.70,111.44,111.69,112.29,112.34,112.36,112.54,112.29,112.29,112.35,112.40,112.75,112.72,112.88,113.28,113.77,114.23,112.89,111.47,112.31,113.03,112.73,112.51,111.95,111.59,111.93,111.79,111.39,111.39,111.77,112.52,112.51,112.18,112.30,111.89,111.73,112.01,112.00,112.20,112.21,112.08,112.22,112.20,112.33,112.54,112.46,112.44,112.46,112.27,111.98,111.96,112.46,113.32,113.72,112.98,112.00,111.96,112.57,112.98,112.83,112.47,112.30,112.37,113.14,113.72,113.16,112.62,112.29,112.32,112.84,112.60,112.47,112.79,112.52,112.62,112.82,112.95,113.16,112.52,112.43,113.00,113.07,113.57,113.65,113.24
4.0,112.73,112.51,111.95,111.59,111.93,111.79,111.39,111.39,111.77,112.52,112.51,112.18,112.30,111.89,111.73,112.01,112.00,112.20,112.21,112.08,112.22,112.20,112.33,112.54,112.46,112.44,112.46,112.27,111.98,111.96,112.46,113.32,113.72,112.98,112.00,111.96,112.57,112.98,112.83,112.47,112.30,112.37,113.14,113.72,113.16,112.62,112.29,112.32,112.84,112.60,112.47,112.79,112.52,112.62,112.82,112.95,113.16,112.52,112.43,113.00,113.07,113.57,113.65,113.24,113.57,113.48,113.09,112.92,112.48,112.63,112.79,112.56,112.89,113.03,113.08,113.45,113.50,113.38,113.05,112.64,112.56,112.66,112.66,112.68,113.17,113.59,113.35,112.81,112.48,112.56,112.67,112.56,112.60,112.78,112.87,112.96,113.33,113.76,113.53,113.16,113.25,112.72,111.97,112.40,112.76,112.64,113.16,113.49,113.24,113.19,112.96,112.43,112.37,112.61,112.77,113.07,113.09,113.03,113.34,113.17,112.60,112.50,113.19,113.95,113.04,111.64,111.81,112.10
4.0,113.57,113.48,113.09,112.92,112.48,112.63,112.79,112.56,112.89,113.03,113.08,113.45,113.50,113.38,113.05,112.64,112.56,112.66,112.66,112.68,113.17,113.59,113.35,112.81,112.48,112.56,112.67,112.56,112.60,112.78,112.87,112.96,113.33,113.76,113.53,113.16,113.25,112.72,111.97,112.40,112.76,112.64,113.16,113.49,113.24,113.19,112.96,112.43,112.37,112.61,112.77,113.07,113.09,113.03,113.34,113.17,112.60,112.50,113.19,113.95,113.04,111.64,111.81,112.10,112.06,112.17,112.04,112.37,112.95,113.25,113.22,113.00,113.19,113.17,112.96,112.86,112.43,112.51,112.70,112.42,112.41,112.27,112.19,112.37,112.23,112.36,112.84,113.18,113.06,112.42,112.14,112.24,112.38,112.78,113.04,112.42,111.47,111.77,112.78,113.14,113.00,112.57,112.57,112.59,112.12,112.11,111.96,112.21,113.32,113.66,113.15,112.51,112.75,113.16,112.63,112.28,111.81,111.64,111.90,111.53,111.78,111.99,111.86,112.25,112.41,112.73,111.93,110.65
1.0,215.79,16.31,185.90,186.92,135.81,56.25,51.28,96.47,117.15,114.48,102.78,99.07,100.71,96.66,93.81,98.36,106.24,105.94,102.75,101.75,99.62,110.55,125.21,121.93,116.89,118.67,117.36,117.51,119.16,117.84,119.23,125.81,138.75,151.50,148.24,131.68,108.43,85.43,80.34,85.52,85.55,91.08,115.72,145.08,146.16,136.80,146.26,139.83,108.91,87.56,86.03,90.96,82.42,74.20,68.40,62.39,86.71,109.00,105.90,102.48,99.76,116.98,144.45,157.41,162.08,168.23,194.95,208.69,171.61,107.06,52.13,43.94,75.29,106.93,119.94,120.42,115.13,83.51,38.05,32.60,66.07,91.06,103.06,111.18,103.92,99.47,105.30,108.76,117.24,126.22,134.19,152.27,175.75,186.94,178.17,150.57,102.92,71.01,84.46,128.04,189.84,215.79,175.90,134.24,100.85,71.07,73.55,68.44,51.05,49.06,35.91,18.63,16.31,30.08,59.88,94.96,132.40,159.68,177.59,185.14,176.44,179.63,190.19,191.43,165.27,88.21,30.42,56.46
1.0,215.79,16.31,194.95,208.69,171.61,107.06,52.13,43.94,75.29,106.93,119.94,120.42,115.13,83.51,38.05,32.60,66.07,91.06,103.06,111.18,103.92,99.47,105.30,108.76,117.24,126.22,134.19,152.27,175.75,186.94,178.17,150.57,102.92,71.01,84.46,128.04,189.84,215.79,175.90,134.24,100.85,71.07,73.55,68.44,51.05,49.06,35.91,18.63,16.31,30.08,59.88,94.96,132.40,159.68,177.59,185.14,176.44,179.63,190.19,191.43,165.27,88.21,30.42,56.46,110.45,130.69,115.50,82.82,64.03,61.04,53.15,70.87,105.60,112.44,100.49,88.23,94.79,102.02,98.97,112.64,126.31,142.83,155.97,152.79,169.11,183.03,166.98,128.13,87.51,105.42,164.76,203.85,209.60,170.51,122.73,106.60,94.13,66.73,43.26,52.50,63.08,50.30,58.02,61.95,61.68,86.79,96.78,112.81,144.34,167.48,182.02,161.83,150.78,180.38,195.69,168.07,107.54,69.34,87.94,117.88,122.46,115.67,100.12,78.80,78.04,65.24,36.75,51.28
1.0,213.09,29.34,115.50,82.82,64.03,61.04,53.15,70.87,105.60,112.44,100.49,88.23,94.79,102.02,98.97,112.64,126.31,142.83,155.97,152.79,169.11,183.03,166.98,128.13,87.51,105.42,164.76,203.85,209.60,170.51,122.73,106.60,94.13,66.73,43.26,52.50,63.08,50.30,58.02,61.95,61.68,86.79,96.78,112.81,144.34,167.48,182.02,161.83,150.78,180.38,195.69,168.07,107.54,69.34,87.94,117.88,122.46,115.67,100.12,78.80,78.04,65.24,36.75,51.28,84.82,104.84,109.08,93.99,93.34,104.95,109.94,118.47,120.75,125.76,153.39,184.65,188.18,164.86,141.73,114.91,100.51,124.28,154.87,188.02,199.67,162.30,126.44,93.83,66.10,64.44,56.04,45.85,39.03,29.34,34.38,48.72,75.56,101.96,109.99,124.08,157.56,198.47,213.09,203.68,210.20,200.09,129.77,48.90,47.69,110.85,130.71,107.92,95.81,87.92,67.67,33.56,37.68,74.84,99.99,126.67,112.06,79.72,87.33,89.92,102.65,115.67,106.30,118.34
1.0,216.05,27.65,109.08,93.99,93.34,104.95,109.94,118.47,120.75,125.76,153.39,184.65,188.18,164.86,141.73,114.91,100.51,124.28,154.87,188.02,199.67,162.30,126.44,93.83,66.10,64.44,56.04,45.85,39.03,29.34,34.38,48.72,75.56,101.96,109.99,124.08,157.56,198.47,213.09,203.68,210.20,200.09,129.77,48.90,47.69,110.85,130.71,107.92,95.81,87.92,67.67,33.56,37.68,74.84,99.99,126.67,112.06,79.72,87.33,89.92,102.65,115.67,106.30,118.34,125.81,131.06,153.61,162.82,161.23,141.93,117.28,125.46,159.15,188.57,185.36,149.21,109.71,91.54,91.47,86.41,70.32,51.33,34.66,30.17,39.50,49.31,58.95,67.87,75.98,104.72,151.92,194.34,211.07,194.83,185.85,198.50,188.05,128.52,45.99,27.65,95.66,138.76,121.02,96.64,76.37,69.56,66.39,53.85,71.45,106.24,111.37,105.53,98.08,80.82,80.57,89.10,94.15,122.71,153.79,158.44,152.44,151.81,161.40,162.96,137.00,98.34,91.12,139.04
1.0,216.05,27.65,153.61,162.82,161.23,141.93,117.28,125.46,159.15,188.57,185.36,149.21,109.71,91.54,91.47,86.41,70.32,51.33,34.66,30.17,39.50,49.31,58.95,67.87,75.98,104.72,151.92,194.34,211.07,194.83,185.85,198.50,188.05,128.52,45.99,27.65,95.66,138.76,121.02,96.64,76.37,69.56,66.39,53.85,71.45,106.24,111.37,105.53,98.08,80.82,80.57,89.10,94.15,122.71,153.79,158.44,152.44,151.81,161.40,162.96,137.00,98.34,91.12,139.04,198.10,216.05,187.94,133.44,80.51,64.15,71.32,53.19,40.16,46.11,34.74,36.62,47.33,56.87,81.90,94.64,122.44,173.39,207.40,213.76,180.99,156.01,166.71,160.59,121.03,90.52,101.34,110.14,97.57,97.27,92.18,83.53,81.63,58.80,44.71,71.56,101.49,106.56,93.02,81.21,86.07,102.13,126.16,145.90,151.62,156.75,159.33,156.69,156.82,152.73,145.77,141.61,136.34,140.50,161.61,178.52,165.36,121.18,77.26,69.09,74.04,51.98,38.72,47.83
1.0,226.32,34.74,187.94,133.44,80.51,64.15,71.32,53.19,40.16,46.11,34.74,36.62,47.33,56.87,81.90,94.64,122.44,173.39,207.40,213.76,180.99,156.01,166.71,160.59,121.03,90.52,101.34,110.14,97.57,97.27,92.18,83.53,81.63,58.80,44.71,71.56,101.49,106.56,93.02,81.21,86.07,102.13,126.16,145.90,151.62,156.75,159.33,156.69,156.82,152.73,145.77,141.61,136.34,140.50,161.61,178.52,165.36,121.18,77.26,69.09,74.04,51.98,38.72,47.83,43.20,47.06,59.23,61.97,75.06,84.87,103.52,152.35,204.93,226.32,195.19,172.43,186.37,165.36,109.81,76.54,92.66,123.77,120.02,97.59,68.54,56.54,70.25,62.83,64.67,91.92,106.05,109.36,96.23,92.14,103.91,106.77,115.92,114.94,117.22,137.90,144.74,152.18,161.65,161.19,139.64,99.07,98.18,144.51,199.91,220.89,179.47,128.41,98.81,79.43,70.43,53.98,40.87,42.57,41.32,44.14,48.02,56.56,78.30,88.15,106.76,152.16,187.12,200.17
1.0,226.32,19.35,59.23,61.97,75.06,84.87,103.52,152.35,204.93,226.32,195.19,172.43,186.37,165.36,109.81,76.54,92.66,123.77,120.02,97.59,68.54,56.54,70.25,62.83,64.67,91.92,106.05,109.36,96.23,92.14,103.91,106.77,115.92,114.94,117.22,137.90,144.74,152.18,161.65,161.19,139.64,99.07,98.18,144.51,199.91,220.89,179.47,128.41,98.81,79.43,70.43,53.98,40.87,42.57,41.32,44.14,48.02,56.56,78.30,88.15,106.76,152.16,187.12,200.17,194.07,189.63,200.08,191.09,145.65,70.24,27.68,66.81,113.80,133.14,123.70,80.62,73.83,81.17,61.64,66.20,82.05,100.93,111.64,93.01,91.88,103.70,112.60,118.87,110.11,111.19,117.41,126.50,142.63,145.24,150.89,157.73,145.72,121.30,99.70,105.64,146.11,196.47,207.63,164.85,118.06,92.46,80.28,78.01,69.66,56.85,54.60,51.15,45.14,54.52,74.20,89.03,95.66,104.29,134.82,175.08,186.80,179.43,190.61,205.93,182.34,110.63,29.13,19.35
1.0,208.72,14.00,200.08,191.09,145.65,70.24,27.68,66.81,113.80,133.14,123.70,80.62,73.83,81.17,61.64,66.20,82.05,100.93,111.64,93.01,91.88,103.70,112.60,118.87,110.11,111.19,117.41,126.50,142.63,145.24,150.89,157.73,145.72,121.30,99.70,105.64,146.11,196.47,207.63,164.85,118.06,92.46,80.28,78.01,69.66,56.85,54.60,51.15,45.14,54.52,74.20,89.03,95.66,104.29,134.82,175.08,186.80,179.43,190.61,205.93,182.34,110.63,29.13,19.35,93.50,142.90,128.61,98.65,70.42,59.76,59.11,64.00,89.13,102.82,98.24,99.73,101.53,96.80,94.80,103.16,110.15,110.84,115.42,125.04,130.05,128.67,143.39,173.80,181.55,142.04,84.37,74.84,124.89,184.99,207.42,179.96,140.62,109.01,84.58,78.78,67.26,48.12,45.87,44.09,43.65,53.19,63.29,73.62,79.39,89.77,113.28,148.72,191.94,208.72,196.92,197.38,204.43,175.89,94.00,14.00,35.64,122.38,157.74,151.56,118.23,68.45,51.16,47.27
1.0,198.21,38.02,121.95,122.96,128.31,142.43,160.08,180.23,189.31,160.92,107.24,69.90,59.16,64.43,79.48,101.83,118.22,110.01,93.73,83.89,79.67,90.94,99.55,97.75,94.88,85.92,87.95,98.39,104.62,109.63,101.11,96.80,109.68,121.86,129.69,131.96,140.74,155.59,157.33,149.52,133.70,112.52,101.08,105.79,118.31,141.65,175.69,175.63,149.42,134.93,104.29,81.97,84.18,65.45,51.86,54.36,52.81,59.93,69.21,79.12,87.29,94.63,109.93,126.81,153.26,170.03,163.04,165.47,176.90,179.37,163.51,114.42,64.21,69.10,102.11,112.91,116.49,109.73,91.21,73.91,44.89,46.81,83.40,106.00,124.58,113.57,89.56,100.72,103.25,106.36,115.70,105.25,110.04,122.22,144.39,179.83,182.76,168.30,144.18,103.02,85.40,106.43,141.97,174.36,195.14,182.59,144.98,110.50,86.51,78.64,68.21,59.20,57.24,44.73,43.50,43.91,47.70,70.06,84.61,110.99,148.09,179.19,198.21,184.09,180.19,194.57,187.41,147.08
1.0,226.95,38.02,163.04,165.47,176.90,179.37,163.51,114.42,64.21,69.10,102.11,112.91,116.49,109.73,91.21,73.91,44.89,46.81,83.40,106.00,124.58,113.57,89.56,100.72,103.25,106.36,115.70,105.25,110.04,122.22,144.39,179.83,182.76,168.30,144.18,103.02,85.40,106.43,141.97,174.36,195.14,182.59,144.98,110.50,86.51,78.64,68.21,59.20,57.24,44.73,43.50,43.91,47.70,70.06,84.61,110.99,148.09,179.19,198.21,184.09,180.19,194.57,187.41,147.08,73.48,38.02,70.36,106.04,125.98,110.99,68.43,64.37,67.12,52.11,69.87,90.41,100.54,109.84,98.43,100.58,108.18,106.21,112.80,114.19,130.35,152.42,155.57,158.55,156.17,141.09,112.46,98.96,124.62,163.23,210.00,226.95,175.29,118.15,99.66,80.25,43.25,38.29,55.33,42.24,40.41,51.12,40.15,48.68,69.17,88.23,113.18,133.12,169.25,184.91,170.31,176.92,182.77,186.77,181.33,129.05,71.67,65.22,103.04,120.86,101.98,88.38,80.03,68.17
1.0,226.95,26.86,70.36,106.04,125.98,110.99,68.43,64.37,67.12,52.11,69.87,90.41,100.54,109.84,98.43,100.58,108.18,106.21,112.80,114.19,130.35,152.42,155.57,158.55,156.17,141.09,112.46,98.96,124.62,163.23,210.00,226.95,175.29,118.15,99.66,80.25,43.25,38.29,55.33,42.24,40.41,51.12,40.15,48.68,69.17,88.23,113.18,133.12,169.25,184.91,170.31,176.92,182.77,186.77,181.33,129.05,71.67,65.22,103.04,120.86,101.98,88.38,80.03,68.17,58.74,65.55,87.32,101.07,102.98,92.39,88.74,105.12,117.99,118.29,108.23,106.60,128.96,161.83,179.68,168.27,157.63,144.36,108.84,98.54,126.38,165.98,196.34,186.15,143.61,96.47,68.10,64.03,54.77,48.97,54.09,44.12,39.87,49.31,57.81,71.61,75.14,81.53,118.80,171.67,210.59,208.69,196.29,203.63,195.48,152.44,74.14,26.86,87.02,151.17,137.54,116.33,91.42,57.14,51.48,50.93,59.25,90.74,109.80,105.22,87.94,80.23,92.23,109.50
1.0,224.01,26.86,87.32,101.07,102.98,92.39,88.74,105.12,117.99,118.29,108.23,106.60,128.96,161.83,179.68,168.27,157.63,144.36,108.84,98.54,126.38,165.98,196.34,186.15,143.61,96.47,68.10,64.03,54.77,48.97,54.09,44.12,39.87,49.31,57.81,71.61,75.14,81.53,118.80,171.67,210.59,208.69,196.29,203.63,195.48,152.44,74.14,26.86,87.02,151.17,137.54,116.33,91.42,57.14,51.48,50.93,59.25,90.74,109.80,105.22,87.94,80.23,92.23,109.50,125.35,133.94,142.62,155.70,163.24,162.01,152.13,135.20,109.40,104.98,150.97,209.77,224.01,172.06,109.18,89.72,77.40,52.97,50.87,56.60,39.76,38.67,50.17,40.84,54.98,79.59,87.84,106.07,120.26,151.87,198.37,208.52,195.17,186.98,181.46,127.55,47.90,50.61,108.39,132.60,118.66,96.65,80.73,59.19,40.54,44.89,73.54,115.58,126.61,95.34,79.42,91.37,99.40,111.28,132.86,134.78,127.05,146.04,170.11,179.03,171.12,134.13,102.78,105.08
1.0,224.01,28.74,142.62,155.70,163.24,162.01,152.13,135.20,109.40,104.98,150.97,209.77,224.01,172.06,109.18,89.72,77.40,52.97,50.87,56.60,39.76,38.67,50.17,40.84,54.98,79.59,87.84,106.07,120.26,151.87,198.37,208.52,195.17,186.98,181.46,127.55,47.90,50.61,108.39,132.60,118.66,96.65,80.73,59.19,40.54,44.89,73.54,115.58,126.61,95.34,79.42,91.37,99.40,111.28,132.86,134.78,127.05,146.04,170.11,179.03,171.12,134.13,102.78,105.08,131.93,175.38,205.87,192.35,146.23,109.13,81.60,55.58,45.30,34.66,28.74,32.37,32.33,43.71,69.75,96.18,109.24,134.85,185.64,208.17,199.08,193.16,190.56,173.76,125.91,73.06,68.10,99.88,109.68,101.79,102.85,98.28,78.49,48.99,41.68,64.53,88.74,109.28,105.04,89.05,94.87,94.78,98.97,116.24,121.89,137.36,154.63,158.25,167.32,169.51,149.48,117.02,107.40,142.34,187.96,202.23,172.22,132.64,107.03,73.18,54.48,62.41,50.89,35.22
1.0,235.73,28.74,205.87,192.35,146.23,109.13,81.60,55.58,45.30,34.66,28.74,32.37,32.33,43.71,69.75,96.18,109.24,134.85,185.64,208.17,199.08,193.16,190.56,173.76,125.91,73.06,68.10,99.88,109.68,101.79,102.85,98.28,78.49,48.99,41.68,64.53,88.74,109.28,105.04,89.05,94.87,94.78,98.97,116.24,121.89,137.36,154.63,158.25,167.32,169.51,149.48,117.02,107.40,142.34,187.96,202.23,172.22,132.64,107.03,73.18,54.48,62.41,50.89,35.22,41.32,42.94,48.94,69.29,80.07,90.34,122.31,172.28,203.19,183.93,165.34,182.79,195.25,192.48,145.86,63.53,64.81,123.80,134.80,115.84,85.18,67.41,61.50,45.15,60.64,85.45,101.57,117.69,104.50,99.38,102.33,99.34,118.04,128.16,139.89,159.27,157.56,157.32,151.67,131.54,109.19,90.84,105.61,153.20,209.18,235.73,192.42,123.32,77.31,48.33,47.41,53.42,46.02,47.93,44.19,39.70,53.22,70.53,91.94,110.35,135.54,167.22,185.93,210.93
1.0,235.73,29.00,48.94,69.29,80.07,90.34,122.31,172.28,203.19,183.93,165.34,182.79,195.25,192.48,145.86,63.53,64.81,123.80,134.80,115.84,85.18,67.41,61.50,45.15,60.64,85.45,101.57,117.69,104.50,99.38,102.33,99.34,118.04,128.16,139.89,159.27,157.56,157.32,151.67,131.54,109.19,90.84,105.61,153.20,209.18,235.73,192.42,123.32,77.31,48.33,47.41,53.42,46.02,47.93,44.19,39.70,53.22,70.53,91.94,110.35,135.54,167.22,185.93,210.93,214.43,192.36,188.65,156.82,95.04,64.97,83.43,135.54,143.02,103.43,75.47,50.88,47.11,48.84,64.09,114.82,122.33,100.42,88.32,80.85,99.11,112.06,114.63,118.36,125.26,141.63,146.50,161.55,177.44,159.10,130.89,111.88,111.90,127.43,161.16,204.55,197.17,151.25,113.39,76.97,70.16,70.95,47.13,53.60,49.43,29.00,51.92,57.53,61.12,80.41,80.15,107.02,146.83,187.96,214.67,194.49,191.50,193.28,164.83,126.38,74.82,61.16,98.21,119.30
1.0,226.12,22.48,188.65,156.82,95.04,64.97,83.43,135.54,143.02,103.43,75.47,50.88,47.11,48.84,64.09,114.82,122.33,100.42,88.32,80.85,99.11,112.06,114.63,118.36,125.26,141.63,146.50,161.55,177.44,159.10,130.89,111.88,111.90,127.43,161.16,204.55,197.17,151.25,113.39,76.97,70.16,70.95,47.13,53.60,49.43,29.00,51.92,57.53,61.12,80.41,80.15,107.02,146.83,187.96,214.67,194.49,191.50,193.28,164.83,126.38,74.82,61.16,98.21,119.30,103.42,82.75,75.99,62.18,55.27,72.31,91.52,107.60,103.94,88.47,87.72,92.29,107.85,121.94,121.40,126.76,129.53,129.54,142.23,159.53,160.56,131.28,94.15,87.23,131.15,193.67,212.20,185.25,135.27,80.63,69.62,87.43,74.11,55.42,44.44,22.48,31.02,53.81,66.17,85.92,82.44,83.48,115.27,149.30,182.40,195.00,211.44,226.12,206.32,187.86,119.65,23.34,27.68,99.93,164.55,169.67,108.41,56.60,27.15,27.51,66.85,107.03,126.19,103.08
1.0,226.12,13.77,75.99,62.18,55.27,72.31,91.52,107.60,103.94,88.47,87.72,92.29,107.85,121.94,121.40,126.76,129.53,129.54,142.23,159.53,160.56,131.28,94.15,87.23,131.15,193.67,212.20,185.25,135.27,80.63,69.62,87.43,74.11,55.42,44.44,22.48,31.02,53.81,66.17,85.92,82.44,83.48,115.27,149.30,182.40,195.00,211.44,226.12,206.32,187.86,119.65,23.34,27.68,99.93,164.55,169.67,108.41,56.60,27.15,27.51,66.85,107.03,126.19,103.08,78.30,84.62,92.46,108.54,108.77,98.18,112.28,127.61,153.11,165.41,151.86,159.01,150.61,120.89,115.90,139.55,178.78,183.27,154.97,127.33,92.58,78.68,76.43,56.68,45.34,42.84,43.62,48.37,55.50,70.62,77.25,82.69,96.74,116.50,169.86,220.95,216.60,212.40,220.31,168.11,73.29,13.77,33.67,113.40,166.51,146.52,86.14,43.07,34.64,36.91,63.03,108.17,124.28,106.10,89.67,86.12,87.42,111.37,130.19,115.79,101.81,98.26,117.01,143.66
1.0,220.95,13.77,92.46,108.54,108.77,98.18,112.28,127.61,153.11,165.41,151.86,159.01,150.61,120.89,115.90,139.55,178.78,183.27,154.97,127.33,92.58,78.68,76.43,56.68,45.34,42.84,43.62,48.37,55.50,70.62,77.25,82.69,96.74,116.50,169.86,220.95,216.60,212.40,220.31,168.11,73.29,13.77,33.67,113.40,166.51,146.52,86.14,43.07,34.64,36.91,63.03,108.17,124.28,106.10,89.67,86.12,87.42,111.37,130.19,115.79,101.81,98.26,117.01,143.66,149.64,163.08,176.63,160.65,126.32,96.84,98.37,137.71,179.30,187.35,158.60,115.63,93.80,89.27,83.83,75.97,60.17,52.85,52.24,51.99,63.23,70.97,76.46,81.35,93.40,140.98,195.80,212.77,204.22,205.92,204.01,165.28,96.19,37.29,51.57,116.02,156.18,156.19,108.91,60.11,47.20,50.23,79.65,113.37,125.57,111.15,85.38,88.55,99.61,111.67,115.31,99.30,103.05,107.23,114.22,132.29,141.90,167.17,170.97,148.20,132.43,97.45,81.84,114.50
1.0,212.77,28.61,176.63,160.65,126.32,96.84,98.37,137.71,179.30,187.35,158.60,115.63,93.80,89.27,83.83,75.97,60.17,52.85,52.24,51.99,63.23,70.97,76.46,81.35,93.40,140.98,195.80,212.77,204.22,205.92,204.01,165.28,96.19,37.29,51.57,116.02,156.18,156.19,108.91,60.11,47.20,50.23,79.65,113.37,125.57,111.15,85.38,88.55,99.61,111.67,115.31,99.30,103.05,107.23,114.22,132.29,141.90,167.17,170.97,148.20,132.43,97.45,81.84,114.50,159.31,194.97,190.26,147.31,105.63,89.01,99.63,100.94,81.42,62.98,40.77,35.95,50.66,61.34,85.58,89.83,75.83,94.23,110.28,144.12,194.39,179.56,163.61,195.96,199.78,161.98,94.27,28.61,46.53,115.94,161.05,168.86,120.16,67.01,57.97,60.03,79.69,106.69,116.78,108.72,94.50,104.94,108.46,104.60,114.69,110.19,110.81,110.29,102.93,115.68,133.86,163.20,181.54,164.17,135.67,95.19,67.64,77.96,109.36,154.31,174.91,154.99,142.77,136.11
1.0,199.78,28.61,190.26,147.31,105.63,89.01,99.63,100.94,81.42,62.98,40.77,35.95,50.66,61.34,85.58,89.83,75.83,94.23,110.28,144.12,194.39,179.56,163.61,195.96,199.78,161.98,94.27,28.61,46.53,115.94,161.05,168.86,120.16,67.01,57.97,60.03,79.69,106.69,116.78,108.72,94.50,104.94,108.46,104.60,114.69,110.19,110.81,110.29,102.93,115.68,133.86,163.20,181.54,164.17,135.67,95.19,67.64,77.96,109.36,154.31,174.91,154.99,142.77,136.11,120.27,113.31,102.58,92.90,79.59,55.10,52.28,48.83,46.37,64.65,69.18,76.18,87.22,100.96,142.12,174.40,182.12,170.00,160.93,187.51,195.84,141.13,63.55,40.81,78.24,105.35,125.84,138.66,112.69,84.15,68.67,70.23,92.82,105.78,108.51,103.81,94.38,93.96,98.34,111.26,118.27,114.50,115.37,108.23,104.67,116.53,140.73,177.92,188.65,160.06,121.14,87.22,75.75,89.64,119.49,153.15,158.59,141.74,137.57,128.13,115.27,119.12,112.04,98.34
1.0,240.05,13.54,104.10,110.06,134.07,142.66,138.09,122.77,112.35,122.25,148.80,181.68,185.95,155.37,129.33,117.23,108.84,94.37,71.98,55.29,42.14,35.57,38.42,42.25,57.50,78.53,92.10,106.60,131.19,169.82,196.54,191.64,185.07,187.41,176.94,149.60,108.87,75.51,78.16,94.65,106.16,116.80,111.40,102.17,87.57,59.14,57.33,77.81,87.88,83.68,73.99,76.41,86.61,102.25,116.05,115.87,119.73,126.16,141.99,177.38,200.75,202.06,173.79,109.05,57.45,66.12,111.25,151.61,182.31,178.24,137.58,102.83,80.29,75.90,67.59,46.13,45.88,33.27,14.82,27.13,51.48,87.93,112.07,126.92,177.40,227.82,221.17,199.73,216.75,210.90,160.38,85.24,13.54,61.27,146.48,143.16,133.18,104.42,61.01,41.92,23.05,53.62,88.27,93.31,99.94,85.88,96.38,107.77,104.99,125.69,124.53,134.09,153.05,152.13,164.81,154.32,125.13,105.71,105.56,134.88,179.97,240.05,221.82,122.79,72.42,57.76,60.00,51.56
1.0,240.05,13.54,111.25,151.61,182.31,178.24,137.58,102.83,80.29,75.90,67.59,46.13,45.88,33.27,14.82,27.13,51.48,87.93,112.07,126.92,177.40,227.82,221.17,199.73,216.75,210.90,160.38,85.24,13.54,61.27,146.48,143.16,133.18,104.42,61.01,41.92,23.05,53.62,88.27,93.31,99.94,85.88,96.38,107.77,104.99,125.69,124.53,134.09,153.05,152.13,164.81,154.32,125.13,105.71,105.56,134.88,179.97,240.05,221.82,122.79,72.42,57.76,60.00,51.56,25.36,38.75,23.32,13.79,48.10,48.04,67.07,93.61,130.76,210.66,223.24,190.01,180.82,185.58,178.47,115.48,48.28,41.02,69.97,95.36,121.39,125.60,90.51,86.06,77.72,47.99,54.99,61.27,88.29,111.78,93.72,95.75,92.04,95.23,117.35,120.12,130.05,134.82,138.96,154.90,167.20,173.57,142.60,101.28,99.51,136.61,191.42,215.50,194.84,146.72,94.12,68.39,55.76,40.27,44.45,49.74,39.21,45.55,51.16,55.64,82.19,98.47,125.49,169.30
1.0,238.79,13.79,23.32,13.79,48.10,48.04,67.07,93.61,130.76,210.66,223.24,190.01,180.82,185.58,178.47,115.48,48.28,41.02,69.97,95.36,121.39,125.60,90.51,86.06,77.72,47.99,54.99,61.27,88.29,111.78,93.72,95.75,92.04,95.23,117.35,120.12,130.05,134.82,138.96,154.90,167.20,173.57,142.60,101.28,99.51,136.61,191.42,215.50,194.84,146.72,94.12,68.39,55.76,40.27,44.45,49.74,39.21,45.55,51.16,55.64,82.19,98.47,125.49,169.30,193.78,203.33,191.10,183.93,191.61,173.62,116.49,38.43,28.47,97.94,141.80,141.62,115.27,78.30,59.47,48.30,53.19,78.24,102.48,111.19,93.38,84.33,93.81,99.79,116.99,127.23,121.30,129.20,155.26,181.01,178.86,163.94,145.93,112.85,122.72,166.08,177.83,180.99,157.32,108.69,90.66,69.85,45.46,34.48,25.25,40.15,52.01,52.79,62.50,69.70,91.07,128.42,182.76,235.98,238.79,213.64,200.40,189.21,137.81,68.57,58.34,65.64,89.83,160.50
1.0,238.79,21.62,191.10,183.93,191.61,173.62,116.49,38.43,28.47,97.94,141.80,141.62,115.27,78.30,59.47,48.30,53.19,78.24,102.48,111.19,93.38,84.33,93.81,99.79,116.99,127.23,121.30,129.20,155.26,181.01,178.86,163.94,145.93,112.85,122.72,166.08,177.83,180.99,157.32,108.69,90.66,69.85,45.46,34.48,25.25,40.15,52.01,52.79,62.50,69.70,91.07,128.42,182.76,235.98,238.79,213.64,200.40,189.21,137.81,68.57,58.34,65.64,89.83,160.50,144.37,79.23,64.49,21.62,21.85,78.38,104.34,131.15,104.80,73.24,91.27,78.74,93.84,124.18,128.45,136.97,126.89,137.23,156.42,158.86,152.78,114.30,107.20,153.21,202.56,205.59,140.43,84.98,66.93,60.44,53.17,39.46,34.47,22.67,25.97,49.20,61.91,79.28,84.51,98.10,137.43,160.18,175.60,190.66,193.22,189.51,211.34,227.24,155.89,70.72,67.51,109.67,127.34,108.14,96.73,86.37,64.25,52.49,56.53,76.83,96.95,108.75,104.92,96.20
1.0,227.24,21.62,64.49,21.62,21.85,78.38,104.34,131.15,104.80,73.24,91.27,78.74,93.84,124.18,128.45,136.97,126.89,137.23,156.42,158.86,152.78,114.30,107.20,153.21,202.56,205.59,140.43,84.98,66.93,60.44,53.17,39.46,34.47,22.67,25.97,49.20,61.91,79.28,84.51,98.10,137.43,160.18,175.60,190.66,193.22,189.51,211.34,227.24,155.89,70.72,67.51,109.67,127.34,108.14,96.73,86.37,64.25,52.49,56.53,76.83,96.95,108.75,104.92,96.20,100.54,100.04,110.41,126.04,127.24,135.75,144.61,158.62,172.31,158.27,132.65,115.59,133.66,181.25,201.03,179.12,135.56,93.81,78.57,80.10,74.88,58.37,39.71,36.88,49.47,56.18,62.04,70.98,74.33,93.20,131.17,176.67,215.30,212.48,189.87,183.97,185.91,173.56,105.26,27.62,46.66,108.22,121.23,112.80,93.07,73.94,80.77,74.76,65.10,78.31,91.54,101.49,98.09,91.01,94.54,92.66,95.64,105.70,118.41,133.44,138.63,146.31,164.34,173.47
1.0,215.30,22.68,110.41,126.04,127.24,135.75,144.61,158.62,172.31,158.27,132.65,115.59,133.66,181.25,201.03,179.12,135.56,93.81,78.57,80.10,74.88,58.37,39.71,36.88,49.47,56.18,62.04,70.98,74.33,93.20,131.17,176.67,215.30,212.48,189.87,183.97,185.91,173.56,105.26,27.62,46.66,108.22,121.23,112.80,93.07,73.94,80.77,74.76,65.10,78.31,91.54,101.49,98.09,91.01,94.54,92.66,95.64,105.70,118.41,133.44,138.63,146.31,164.34,173.47,154.25,115.18,98.59,132.34,187.77,203.93,171.89,130.46,100.64,91.54,84.47,62.85,45.97,30.55,22.68,37.48,53.17,69.27,80.46,75.43,91.09,127.12,151.40,170.52,189.59,192.00,183.84,200.83,208.35,151.10,67.46,28.42,79.13,131.37,104.86,94.82,99.04,77.03,72.13,63.08,73.82,106.53,105.28,101.47,98.07,88.61,95.50,98.25,99.61,111.90,129.35,143.29,147.92,158.87,167.42,156.56,135.02,107.29,95.81,131.46,189.23,211.60,185.82,136.85
1.0,221.59,22.68,98.59,132.34,187.77,203.93,171.89,130.46,100.64,91.54,84.47,62.85,45.97,30.55,22.68,37.48,53.17,69.27,80.46,75.43,91.09,127.12,151.40,170.52,189.59,192.00,183.84,200.83,208.35,151.10,67.46,28.42,79.13,131.37,104.86,94.82,99.04,77.03,72.13,63.08,73.82,106.53,105.28,101.47,98.07,88.61,95.50,98.25,99.61,111.90,129.35,143.29,147.92,158.87,167.42,156.56,135.02,107.29,95.81,131.46,189.23,211.60,185.82,136.85,85.15,57.13,61.89,64.52,56.07,52.81,40.79,35.21,53.20,69.80,83.45,95.22,112.43,149.00,184.34,198.05,182.58,173.65,201.68,211.84,164.19,100.70,85.74,106.94,113.71,121.38,119.84,93.03,80.63,76.58,70.68,73.46,84.70,104.82,100.14,86.43,94.40,91.10,93.46,104.34,101.58,111.14,122.18,134.32,158.86,171.00,173.66,168.50,144.64,107.14,87.93,111.16,150.25,197.27,221.59,173.21,106.60,72.50,61.85,62.28,53.18,50.36,47.76,33.82
1.0,233.36,33.82,61.89,64.52,56.07,52.81,40.79,35.21,53.20,69.80,83.45,95.22,112.43,149.00,184.34,198.05,182.58,173.65,201.68,211.84,164.19,100.70,85.74,106.94,113.71,121.38,119.84,93.03,80.63,76.58,70.68,73.46,84.70,104.82,100.14,86.43,94.40,91.10,93.46,104.34,101.58,111.14,122.18,134.32,158.86,171.00,173.66,168.50,144.64,107.14,87.93,111.16,150.25,197.27,221.59,173.21,106.60,72.50,61.85,62.28,53.18,50.36,47.76,33.82,46.84,67.10,78.88,92.46,94.30,118.04,171.17,214.41,224.33,208.17,196.52,159.72,82.67,37.47,74.30,140.86,149.07,120.78,91.57,55.59,42.41,42.97,63.80,98.30,107.42,122.67,114.03,79.01,89.55,102.07,99.59,109.33,108.14,118.36,141.43,149.98,161.01,164.98,145.70,116.99,99.65,121.14,162.58,186.36,185.32,153.38,116.71,97.98,77.82,63.65,59.60,47.59,41.70,45.37,45.11,55.47,72.52,80.11,89.92,112.27,167.57,233.36,227.70,185.16
1.0,233.36,23.20,78.88,92.46,94.30,118.04,171.17,214.41,224.33,208.17,196.52,159.72,82.67,37.47,74.30,140.86,149.07,120.78,91.57,55.59,42.41,42.97,63.80,98.30,107.42,122.67,114.03,79.01,89.55,102.07,99.59,109.33,108.14,118.36,141.43,149.98,161.01,164.98,145.70,116.99,99.65,121.14,162.58,186.36,185.32,153.38,116.71,97.98,77.82,63.65,59.60,47.59,41.70,45.37,45.11,55.47,72.52,80.11,89.92,112.27,167.57,233.36,227.70,185.16,187.12,190.76,165.49,102.05,23.44,49.75,121.05,124.02,123.34,108.51,85.82,83.26,52.87,51.17,72.61,80.41,103.63,106.91,106.27,104.84,92.98,100.23,100.54,111.15,132.21,143.63,164.01,173.99,174.65,147.24,93.34,83.22,118.24,165.60,197.01,187.41,147.77,103.97,86.90,87.83,74.37,57.60,45.53,26.50,23.20,37.80,44.92,58.95,73.58,94.82,161.46,224.08,224.71,194.20,175.39,168.40,158.89,130.64,76.57,62.54,111.01,136.02,114.60,88.05
1.0,224.71,23.20,165.49,102.05,23.44,49.75,121.05,124.02,123.34,108.51,85.82,83.26,52.87,51.17,72.61,80.41,103.63,106.91,106.27,104.84,92.98,100.23,100.54,111.15,132.21,143.63,164.01,173.99,174.65,147.24,93.34,83.22,118.24,165.60,197.01,187.41,147.77,103.97,86.90,87.83,74.37,57.60,45.53,26.50,23.20,37.80,44.92,58.95,73.58,94.82,161.46,224.08,224.71,194.20,175.39,168.40,158.89,130.64,76.57,62.54,111.01,136.02,114.60,88.05,74.62,62.39,54.75,69.73,88.02,106.20,109.60,92.07,93.52,96.58,95.95,106.78,118.78,139.93,146.25,142.02,153.23,163.09,171.24,157.14,115.34,91.72,108.97,158.68,194.14,184.66,162.61,134.10,75.63,37.29,49.01,49.80,49.52,57.82,44.82,48.28,56.42,62.58,87.72,110.06,143.04,174.26,199.44,208.24,183.30,190.81,195.48,155.87,101.81,42.00,72.53,138.16,125.46,110.18,78.88,43.81,51.08,46.33,74.42,122.53,126.10,108.57,82.27,84.77
1.0,208.24,34.32,54.75,69.73,88.02,106.20,109.60,92.07,93.52,96.58,95.95,106.78,118.78,139.93,146.25,142.02,153.23,163.09,171.24,157.14,115.34,91.72,108.97,158.68,194.14,184.66,162.61,134.10,75.63,37.29,49.01,49.80,49.52,57.82,44.82,48.28,56.42,62.58,87.72,110.06,143.04,174.26,199.44,208.24,183.30,190.81,195.48,155.87,101.81,42.00,72.53,138.16,125.46,110.18,78.88,43.81,51.08,46.33,74.42,122.53,126.10,108.57,82.27,84.77,103.60,111.04,119.73,113.56,122.64,143.32,153.18,167.50,164.20,147.06,112.63,82.58,109.38,154.52,191.83,201.47,154.07,103.41,78.80,67.80,66.55,57.68,45.09,35.73,34.32,46.65,52.91,56.53,71.73,92.85,118.34,154.83,198.51,196.45,169.58,183.44,176.40,161.65,161.40,89.79,39.13,83.50,123.98,128.98,115.03,94.11,66.44,47.55,58.42,82.17,117.08,126.86,99.08,85.33,88.42,99.79,111.88,112.14,111.47,115.44,124.60,139.43,158.86,173.07
1.0,210.08,34.32,119.73,113.56,122.64,143.32,153.18,167.50,164.20,147.06,112.63,82.58,109.38,154.52,191.83,201.47,154.07,103.41,78.80,67.80,66.55,57.68,45.09,35.73,34.32,46.65,52.91,56.53,71.73,92.85,118.34,154.83,198.51,196.45,169.58,183.44,176.40,161.65,161.40,89.79,39.13,83.50,123.98,128.98,115.03,94.11,66.44,47.55,58.42,82.17,117.08,126.86,99.08,85.33,88.42,99.79,111.88,112.14,111.47,115.44,124.60,139.43,158.86,173.07,169.79,142.53,96.84,71.14,83.69,114.29,157.11,186.86,170.21,136.57,110.23,92.47,94.16,81.37,61.29,65.53,57.27,51.44,57.72,52.34,60.50,71.60,87.63,129.00,178.89,209.80,186.09,163.69,186.23,191.10,172.58,116.40,43.06,68.23,123.07,109.97,101.70,89.11,71.37,81.25,59.77,55.56,98.39,122.48,127.68,110.28,98.58,98.91,95.16,111.41,107.65,101.52,112.71,112.92,141.53,171.93,178.14,175.20,154.01,131.41,94.20,67.71,90.41,131.13
1.0,210.08,41.75,96.84,71.14,83.69,114.29,157.11,186.86,170.21,136.57,110.23,92.47,94.16,81.37,61.29,65.53,57.27,51.44,57.72,52.34,60.50,71.60,87.63,129.00,178.89,209.80,186.09,163.69,186.23,191.10,172.58,116.40,43.06,68.23,123.07,109.97,101.70,89.11,71.37,81.25,59.77,55.56,98.39,122.48,127.68,110.28,98.58,98.91,95.16,111.41,107.65,101.52,112.71,112.92,141.53,171.93,178.14,175.20,154.01,131.41,94.20,67.71,90.41,131.13,182.19,210.08,175.12,122.72,94.74,85.37,88.51,83.17,58.21,47.24,47.04,46.58,56.12,63.14,75.40,88.12,108.43,157.15,190.37,189.77,181.57,182.90,194.33,188.78,136.40,58.41,49.25,107.27,135.97,134.54,116.22,90.48,73.53,42.60,41.75,81.89,107.44,121.06,110.54,91.14,98.23,103.40,110.03,114.51,108.50,116.24,114.31,114.74,144.40,169.69,173.30,154.87,124.36,87.87,74.22,106.03,137.24,173.70,192.56,143.69,110.09,114.12,102.72,86.26
1.0,255.00,0.00,39.32,62.68,105.90,155.28,218.96,255.00,208.08,154.74,142.89,157.72,166.27,117.61,66.95,79.56,103.68,104.89,103.98,101.19,98.37,89.57,61.95,49.61,64.99,82.68,98.11,98.93,87.69,86.39,94.04,107.78,122.21,129.49,132.68,137.81,159.02,186.05,173.59,120.85,74.40,71.74,115.41,143.29,128.89,125.65,127.14,103.62,83.40,77.67,61.96,37.86,25.53,11.08,0.00,14.59,42.70,84.11,120.94,147.48,197.36,227.40,200.84,182.62,192.48,186.05,165.35,116.53,51.55,71.30,121.47,108.50,107.45,107.21,88.15,84.24,55.21,50.65,81.04,90.49,103.66,100.31,96.60,106.65,98.59,110.97,135.29,155.95,171.05,171.25,185.00,167.54,112.88,88.95,100.38,138.28,188.12,222.02,197.44,139.46,119.89,90.25,48.74,50.71,52.09,36.68,30.04,35.13,37.31,46.13,71.64,85.00,105.93,147.74,197.84,228.94,199.97,173.56,175.70,160.84,134.28,95.70,86.10,123.25,138.51,115.64,94.58,99.19
1.0,240.03,30.04,165.35,116.53,51.55,71.30,121.47,108.50,107.45,107.21,88.15,84.24,55.21,50.65,81.04,90.49,103.66,100.31,96.60,106.65,98.59,110.97,135.29,155.95,171.05,171.25,185.00,167.54,112.88,88.95,100.38,138.28,188.12,222.02,197.44,139.46,119.89,90.25,48.74,50.71,52.09,36.68,30.04,35.13,37.31,46.13,71.64,85.00,105.93,147.74,197.84,228.94,199.97,173.56,175.70,160.84,134.28,95.70,86.10,123.25,138.51,115.64,94.58,99.19,94.38,63.10,52.17,60.73,77.34,98.00,93.89,84.11,86.50,91.25,108.15,130.60,141.66,143.75,147.15,155.70,166.84,167.71,139.34,102.09,98.68,134.34,196.92,240.03,187.71,100.01,77.40,59.37,38.72,54.92,47.06,38.34,45.77,36.52,51.19,73.49,83.03,93.00,107.32,158.98,212.44,221.50,200.65,181.87,184.77,155.36,83.89,50.52,96.86,161.25,157.73,125.82,100.11,70.53,73.94,69.22,50.18,67.56,85.60,101.19,107.40,88.54,86.95,92.66
1.0,240.03,36.52,52.17,60.73,77.34,98.00,93.89,84.11,86.50,91.25,108.15,130.60,141.66,143.75,147.15,155.70,166.84,167.71,139.34,102.09,98.68,134.34,196.92,240.03,187.71,100.01,77.40,59.37,38.72,54.92,47.06,38.34,45.77,36.52,51.19,73.49,83.03,93.00,107.32,158.98,212.44,221.50,200.65,181.87,184.77,155.36,83.89,50.52,96.86,161.25,157.73,125.82,100.11,70.53,73.94,69.22,50.18,67.56,85.60,101.19,107.40,88.54,86.95,92.66,102.18,127.48,137.32,139.30,147.49,155.99,165.76,166.25,148.17,111.69,91.02,120.81,169.77,197.85,191.65,146.48,97.03,81.14,71.24,49.02,45.58,46.12,37.04,48.34,61.00,64.92,77.17,84.35,102.50,148.77,207.07,235.36,205.66,182.21,175.79,127.80,73.37,62.25,105.80,150.20,117.07,80.45,92.99,85.67,76.28,79.24,70.22,84.82,101.50,91.38,87.83,90.34,92.68,103.16,114.57,121.77,127.88,129.21,126.00,135.87,153.54,159.21,142.69,112.61
1.0,235.36,37.04,137.32,139.30,147.49,155.99,165.76,166.25,148.17,111.69,91.02,120.81,169.77,197.85,191.65,146.48,97.03,81.14,71.24,49.02,45.58,46.12,37.04,48.34,61.00,64.92,77.17,84.35,102.50,148.77,207.07,235.36,205.66,182.21,175.79,127.80,73.37,62.25,105.80,150.20,117.07,80.45,92.99,85.67,76.28,79.24,70.22,84.82,101.50,91.38,87.83,90.34,92.68,103.16,114.57,121.77,127.88,129.21,126.00,135.87,153.54,159.21,142.69,112.61,111.63,149.72,195.27,207.05,162.76,114.09,97.35,91.13,79.58,54.60,38.84,42.75,41.17,43.31,56.94,64.32,72.39,84.62,94.71,131.05,182.34,197.48,200.97,214.36,211.30,190.71,132.49,54.16,49.30,105.83,132.53,125.16,106.61,82.08,64.20,53.75,55.47,69.55,91.55,106.71,95.76,89.73,99.04,99.91,103.23,108.31,113.80,128.51,143.31,161.29,177.69,176.87,155.81,115.65,92.10,118.60,165.78,197.07,192.53,152.39,111.75,84.47,69.77,65.99
1.0,220.36,32.52,195.27,207.05,162.76,114.09,97.35,91.13,79.58,54.60,38.84,42.75,41.17,43.31,56.94,64.32,72.39,84.62,94.71,131.05,182.34,197.48,200.97,214.36,211.30,190.71,132.49,54.16,49.30,105.83,132.53,125.16,106.61,82.08,64.20,53.75,55.47,69.55,91.55,106.71,95.76,89.73,99.04,99.91,103.23,108.31,113.80,128.51,143.31,161.29,177.69,176.87,155.81,115.65,92.10,118.60,165.78,197.07,192.53,152.39,111.75,84.47,69.77,65.99,56.85,50.52,47.86,42.50,44.57,52.11,66.73,72.27,73.40,107.03,157.31,198.35,206.08,177.56,165.94,184.21,192.41,148.37,66.18,32.52,84.06,137.84,125.18,108.12,96.92,51.28,46.95,71.81,75.62,102.12,111.68,104.98,116.27,100.22,91.43,102.63,100.18,107.23,108.50,110.14,134.77,155.24,163.70,156.59,142.08,123.55,103.63,120.12,162.09,205.76,220.36,164.07,101.23,81.32,76.57,76.29,62.63,46.13,43.99,43.17,48.39,59.05,72.02,76.50
1.0,220.36,17.34,47.86,42.50,44.57,52.11,66.73,72.27,73.40,107.03,157.31,198.35,206.08,177.56,165.94,184.21,192.41,148.37,66.18,32.52,84.06,137.84,125.18,108.12,96.92,51.28,46.95,71.81,75.62,102.12,111.68,104.98,116.27,100.22,91.43,102.63,100.18,107.23,108.50,110.14,134.77,155.24,163.70,156.59,142.08,123.55,103.63,120.12,162.09,205.76,220.36,164.07,101.23,81.32,76.57,76.29,62.63,46.13,43.99,43.17,48.39,59.05,72.02,76.50,76.41,98.86,130.52,170.90,202.07,186.96,180.50,199.54,190.73,141.91,58.36,17.34,77.29,137.17,141.51,132.53,105.82,66.69,43.41,46.94,78.69,113.70,123.94,105.52,91.89,96.94,99.05,107.27,111.16,104.84,110.06,117.80,136.52,162.20,175.20,179.91,161.86,123.89,88.78,82.78,124.87,178.52,197.37,167.85,119.15,88.50,74.54,73.76,71.23,61.73,58.61,50.06,48.41,56.09,58.97,74.39,89.41,99.89,128.75,174.75,215.00,213.66,195.55,197.58
1.0,215.00,17.34,130.52,170.90,202.07,186.96,180.50,199.54,190.73,141.91,58.36,17.34,77.29,137.17,141.51,132.53,105.82,66.69,43.41,46.94,78.69,113.70,123.94,105.52,91.89,96.94,99.05,107.27,111.16,104.84,110.06,117.80,136.52,162.20,175.20,179.91,161.86,123.89,88.78,82.78,124.87,178.52,197.37,167.85,119.15,88.50,74.54,73.76,71.23,61.73,58.61,50.06,48.41,56.09,58.97,74.39,89.41,99.89,128.75,174.75,215.00,213.66,195.55,197.58,187.85,137.84,56.11,24.72,90.64,145.07,140.72,129.86,106.02,76.68,70.11,65.07,59.96,84.38,113.39,112.79,105.44,102.55,103.91,108.31,105.16,106.77,108.72,112.28,129.43,146.56,162.72,167.27,150.93,122.57,93.03,93.93,131.02,178.46,203.12,184.12,148.03,112.09,90.15,93.18,77.56,51.36,44.50,32.86,37.93,60.50,73.39,87.42,89.62,94.77,116.93,146.99,184.12,182.41,160.69,165.35,179.22,187.73,137.15,60.35,64.55,102.75,114.79,115.96
1.0,203.12,24.72,56.11,24.72,90.64,145.07,140.72,129.86,106.02,76.68,70.11,65.07,59.96,84.38,113.39,112.79,105.44,102.55,103.91,108.31,105.16,106.77,108.72,112.28,129.43,146.56,162.72,167.27,150.93,122.57,93.03,93.93,131.02,178.46,203.12,184.12,148.03,112.09,90.15,93.18,77.56,51.36,44.50,32.86,37.93,60.50,73.39,87.42,89.62,94.77,116.93,146.99,184.12,182.41,160.69,165.35,179.22,187.73,137.15,60.35,64.55,102.75,114.79,115.96,100.81,83.07,75.04,68.51,72.92,90.89,109.81,110.29,96.83,96.22,99.67,102.51,110.41,107.62,107.19,118.00,129.09,141.65,149.29,157.81,159.91,130.38,95.26,91.50,108.05,137.85,187.62,202.53,155.56,116.67,102.55,96.51,99.49,84.16,62.34,47.24,38.13,53.86,69.57,74.61,83.71,92.31,107.37,130.52,156.03,168.08,162.78,165.33,170.71,161.66,139.21,112.91,99.56,91.80,90.35,113.27,127.52,114.91,97.71,71.32,58.94,74.51,89.68,107.65
1.0,210.82,14.06,75.04,68.51,72.92,90.89,109.81,110.29,96.83,96.22,99.67,102.51,110.41,107.62,107.19,118.00,129.09,141.65,149.29,157.81,159.91,130.38,95.26,91.50,108.05,137.85,187.62,202.53,155.56,116.67,102.55,96.51,99.49,84.16,62.34,47.24,38.13,53.86,69.57,74.61,83.71,92.31,107.37,130.52,156.03,168.08,162.78,165.33,170.71,161.66,139.21,112.91,99.56,91.80,90.35,113.27,127.52,114.91,97.71,71.32,58.94,74.51,89.68,107.65,112.30,97.55,97.99,105.12,112.53,120.12,107.39,95.41,103.39,116.53,138.30,166.93,183.39,181.96,153.13,100.53,67.81,77.54,114.48,164.99,193.37,177.24,147.47,114.13,88.74,88.58,75.99,60.26,63.15,50.88,45.87,55.31,56.06,68.15,83.72,101.55,122.60,142.94,177.60,186.14,177.74,203.29,210.82,150.58,53.48,14.06,70.27,130.95,161.19,163.22,107.79,50.61,46.14,67.56,85.38,104.20,122.07,107.66,86.20,91.43,102.39,116.46,116.01,102.69
1.0,210.82,14.06,97.99,105.12,112.53,120.12,107.39,95.41,103.39,116.53,138.30,166.93,183.39,181.96,153.13,100.53,67.81,77.54,114.48,164.99,193.37,177.24,147.47,114.13,88.74,88.58,75.99,60.26,63.15,50.88,45.87,55.31,56.06,68.15,83.72,101.55,122.60,142.94,177.60,186.14,177.74,203.29,210.82,150.58,53.48,14.06,70.27,130.95,161.19,163.22,107.79,50.61,46.14,67.56,85.38,104.20,122.07,107.66,86.20,91.43,102.39,116.46,116.01,102.69,106.97,111.29,118.04,126.59,127.06,142.72,156.79,152.29,131.56,96.91,83.08,105.91,152.35,187.07,176.26,155.75,153.48,138.93,116.60,98.69,68.73,51.51,50.06,43.83,51.46,60.57,67.48,87.64,110.08,134.41,161.01,182.16,168.94,147.72,163.39,158.17,133.19,118.11,81.71,58.19,81.17,118.64,120.07,104.15,104.21,77.50,60.54,75.17,81.87,107.05,115.35,95.77,95.39,97.68,103.62,114.17,120.86,113.02,94.14,105.54,124.11,130.54,137.01,132.07
1.0,212.39,43.83,118.04,126.59,127.06,142.72,156.79,152.29,131.56,96.91,83.08,105.91,152.35,187.07,176.26,155.75,153.48,138.93,116.60,98.69,68.73,51.51,50.06,43.83,51.46,60.57,67.48,87.64,110.08,134.41,161.01,182.16,168.94,147.72,163.39,158.17,133.19,118.11,81.71,58.19,81.17,118.64,120.07,104.15,104.21,77.50,60.54,75.17,81.87,107.05,115.35,95.77,95.39,97.68,103.62,114.17,120.86,113.02,94.14,105.54,124.11,130.54,137.01,132.07,137.19,145.23,138.61,118.32,85.46,97.91,145.88,168.40,174.11,166.26,148.82,123.32,105.59,102.73,74.09,53.10,53.12,54.34,69.99,70.44,77.57,83.71,71.38,93.71,109.53,121.62,154.49,157.79,164.60,195.56,212.39,178.99,96.57,46.65,78.29,129.88,130.22,108.65,90.90,72.35,73.99,70.28,79.75,113.36,118.97,116.99,108.36,93.42,97.03,101.81,111.52,112.99,109.04,115.08,111.70,113.38,123.17,139.55,160.32,158.76,145.75,126.27,97.87,87.31
1.0,229.34,43.75,138.61,118.32,85.46,97.91,145.88,168.40,174.11,166.26,148.82,123.32,105.59,102.73,74.09,53.10,53.12,54.34,69.99,70.44,77.57,83.71,71.38,93.71,109.53,121.62,154.49,157.79,164.60,195.56,212.39,178.99,96.57,46.65,78.29,129.88,130.22,108.65,90.90,72.35,73.99,70.28,79.75,113.36,118.97,116.99,108.36,93.42,97.03,101.81,111.52,112.99,109.04,115.08,111.70,113.38,123.17,139.55,160.32,158.76,145.75,126.27,97.87,87.31,106.44,144.58,181.92,193.54,166.34,131.86,111.76,84.00,61.59,53.70,48.34,65.33,96.02,112.75,111.23,88.86,62.89,58.63,75.32,104.78,149.83,185.06,179.42,172.61,186.62,184.80,158.10,101.23,43.75,48.80,94.05,126.46,131.12,119.56,115.45,90.19,47.71,56.93,93.96,107.03,105.04,96.80,94.23,86.52,80.36,107.38,130.06,131.47,136.80,139.21,139.58,145.78,157.39,154.93,126.43,96.71,83.77,93.10,130.61,196.75,229.34,182.33,127.14,87.80
1.0,229.34,35.80,181.92,193.54,166.34,131.86,111.76,84.00,61.59,53.70,48.34,65.33,96.02,112.75,111.23,88.86,62.89,58.63,75.32,104.78,149.83,185.06,179.42,172.61,186.62,184.80,158.10,101.23,43.75,48.80,94.05,126.46,131.12,119.56,115.45,90.19,47.71,56.93,93.96,107.03,105.04,96.80,94.23,86.52,80.36,107.38,130.06,131.47,136.80,139.21,139.58,145.78,157.39,154.93,126.43,96.71,83.77,93.10,130.61,196.75,229.34,182.33,127.14,87.80,65.35,82.36,78.63,58.90,53.21,35.80,39.00,58.67,72.46,86.93,83.65,95.04,134.37,174.11,200.54,184.11,167.63,179.70,170.08,140.48,87.77,46.96,82.96,121.57,117.43,113.38,97.92,76.51,62.50,59.11,84.94,107.73,114.51,118.43,103.65,90.62,96.92,106.17,110.14,109.25,106.55,104.64,115.95,137.03,153.05,161.94,159.40,144.52,111.32,79.55,86.56,129.59,185.92,206.15,166.59,120.18,95.37,88.22,93.13,83.08,65.46,55.83,47.13,51.94
1.0,206.15,16.03,78.63,58.90,53.21,35.80,39.00,58.67,72.46,86.93,83.65,95.04,134.37,174.11,200.54,184.11,167.63,179.70,170.08,140.48,87.77,46.96,82.96,121.57,117.43,113.38,97.92,76.51,62.50,59.11,84.94,107.73,114.51,118.43,103.65,90.62,96.92,106.17,110.14,109.25,106.55,104.64,115.95,137.03,153.05,161.94,159.40,144.52,111.32,79.55,86.56,129.59,185.92,206.15,166.59,120.18,95.37,88.22,93.13,83.08,65.46,55.83,47.13,51.94,61.59,73.74,94.71,98.80,101.82,116.28,133.30,158.02,161.50,155.21,173.69,198.31,203.79,150.82,53.69,16.03,71.21,126.60,122.98,109.01,98.44,73.57,66.07,74.45,89.52,112.57,112.40,98.03,96.08,101.52,111.12,116.52,111.15,106.62,110.20,116.88,127.16,139.70,150.27,165.72,170.82,137.91,89.99,77.79,102.74,132.42,157.53,162.30,141.96,130.76,127.56,119.31,110.39,95.43,80.75,62.43,56.07,69.09,61.98,58.96,70.09,69.99,84.43,93.99