4.0,115.17,101.13,101.13,104.19,104.44,103.64,104.39,104.00,104.02,104.76,104.15,104.85,106.04,106.19,105.92,104.95,105.61,106.79,106.74,107.35,107.29,106.87,107.15,107.00,107.51,108.43,109.34,109.95,109.22,109.23,109.89,110.18,110.90,111.24,111.30,111.51,112.25,113.29,113.28,112.62,111.80,111.82,112.58,112.55,112.56,112.62,112.48,112.68,112.69,112.88,113.04,113.00,113.37,113.79,114.32,114.39,114.18,114.46,114.14,113.66,113.82,113.88,113.93,114.02,114.17,114.41,114.39,114.50,114.52,114.05,113.79,114.23,114.86,115.14,115.09,114.93,114.89,114.69,114.33,114.23,114.38,114.90,115.07,114.51,114.13,114.09,114.29,114.43,114.27,114.39,114.78,115.17,115.01,114.43,114.18,114.01,114.02,114.19,114.41,114.93,114.78,114.48,114.73,114.56,114.43,114.40,114.06,114.12,114.16,113.98,114.10,114.24,114.15,113.63,113.15,113.12,112.95,113.16,113.57,113.07,112.61,112.73,112.89,113.04,113.20,113.57,113.89,114.05
4.0,115.17,111.93,114.39,114.50,114.52,114.05,113.79,114.23,114.86,115.14,115.09,114.93,114.89,114.69,114.33,114.23,114.38,114.90,115.07,114.51,114.13,114.09,114.29,114.43,114.27,114.39,114.78,115.17,115.01,114.43,114.18,114.01,114.02,114.19,114.41,114.93,114.78,114.48,114.73,114.56,114.43,114.40,114.06,114.12,114.16,113.98,114.10,114.24,114.15,113.63,113.15,113.12,112.95,113.16,113.57,113.07,112.61,112.73,112.89,113.04,113.20,113.57,113.89,114.05,114.16,113.96,113.89,113.96,113.89,113.65,113.40,113.53,113.38,113.24,113.33,113.04,113.17,113.18,112.78,112.85,112.82,113.25,113.66,112.88,112.11,112.02,112.32,112.41,112.23,112.15,112.04,112.48,113.00,112.74,112.48,112.47,112.50,112.78,113.12,113.15,113.18,113.17,112.62,112.20,112.44,112.94,113.24,112.94,112.38,112.26,112.50,112.65,112.57,112.53,112.55,112.38,112.21,112.27,112.31,112.24,112.24,112.10,111.93,112.02,112.31,112.81,113.14,112.59
4.0,113.96,111.63,113.89,113.96,113.89,113.65,113.40,113.53,113.38,113.24,113.33,113.04,113.17,113.18,112.78,112.85,112.82,113.25,113.66,112.88,112.11,112.02,112.32,112.41,112.23,112.15,112.04,112.48,113.00,112.74,112.48,112.47,112.50,112.78,113.12,113.15,113.18,113.17,112.62,112.20,112.44,112.94,113.24,112.94,112.38,112.26,112.50,112.65,112.57,112.53,112.55,112.38,112.21,112.27,112.31,112.24,112.24,112.10,111.93,112.02,112.31,112.81,113.14,112.59,112.02,112.45,112.68,112.26,112.21,112.30,112.25,112.29,112.37,112.80,113.19,112.69,111.82,111.63,112.04,112.45,112.67,112.59,112.55,112.84,113.08,113.08,112.59,111.95,112.02,112.34,112.36,112.35,112.42,112.69,113.02,112.87,112.48,112.32,112.30,112.25,112.10,112.27,112.70,112.70,112.64,112.71,112.66,112.70,112.69,112.67,112.72,112.65,112.54,112.39,112.34,112.15,111.84,112.21,112.67,112.43,112.42,112.72,112.75,112.64,112.22,111.83,112.28,112.90
4.0,113.98,111.63,112.68,112.26,112.21,112.30,112.25,112.29,112.37,112.80,113.19,112.69,111.82,111.63,112.04,112.45,112.67,112.59,112.55,112.84,113.08,113.08,112.59,111.95,112.02,112.34,112.36,112.35,112.42,112.69,113.02,112.87,112.48,112.32,112.30,112.25,112.10,112.27,112.70,112.70,112.64,112.71,112.66,112.70,112.69,112.67,112.72,112.65,112.54,112.39,112.34,112.15,111.84,112.21,112.67,112.43,112.42,112.72,112.75,112.64,112.22,111.83,112.28,112.90,112.96,113.01,113.13,113.16,113.26,112.81,112.08,112.16,112.38,112.35,112.57,112.63,112.78,113.21,113.03,112.60,112.49,112.51,112.74,112.86,112.80,113.08,113.65,113.98,113.47,112.60,112.51,113.07,113.52,113.29,112.67,112.46,112.47,112.57,112.62,112.79,113.20,112.87,112.44,112.54,112.49,112.44,112.18,111.95,112.65,113.31,113.11,113.05,113.38,112.98,112.52,112.78,112.62,112.34,112.58,112.90,113.43,113.70,113.49,113.46,113.41,113.14,113.05,112.92
4.0,113.98,111.56,113.13,113.16,113.26,112.81,112.08,112.16,112.38,112.35,112.57,112.63,112.78,113.21,113.03,112.60,112.49,112.51,112.74,112.86,112.80,113.08,113.65,113.98,113.47,112.60,112.51,113.07,113.52,113.29,112.67,112.46,112.47,112.57,112.62,112.79,113.20,112.87,112.44,112.54,112.49,112.44,112.18,111.95,112.65,113.31,113.11,113.05,113.38,112.98,112.52,112.78,112.62,112.34,112.58,112.90,113.43,113.70,113.49,113.46,113.41,113.14,113.05,112.92,112.56,112.40,112.57,112.74,112.54,112.25,112.23,111.98,111.89,112.28,112.35,112.53,112.79,112.57,112.47,112.55,112.66,112.88,112.80,112.39,112.07,112.68,113.49,112.93,112.28,112.39,112.28,112.41,112.78,113.07,113.13,112.20,111.56,112.23,113.07,113.14,112.40,111.86,112.18,112.51,112.28,112.35,112.95,113.23,113.12,112.73,112.51,112.80,112.89,112.66,112.35,112.25,112.39,112.30,112.33,112.32,112.12,112.04,112.02,112.14,112.27,112.53,112.69,112.38
4.0,113.65,111.56,112.57,112.74,112.54,112.25,112.23,111.98,111.89,112.28,112.35,112.53,112.79,112.57,112.47,112.55,112.66,112.88,112.80,112.39,112.07,112.68,113.49,112.93,112.28,112.39,112.28,112.41,112.78,113.07,113.13,112.20,111.56,112.23,113.07,113.14,112.40,111.86,112.18,112.51,112.28,112.35,112.95,113.23,113.12,112.73,112.51,112.80,112.89,112.66,112.35,112.25,112.39,112.30,112.33,112.32,112.12,112.04,112.02,112.14,112.27,112.53,112.69,112.38,112.28,112.50,113.03,113.65,113.32,112.41,111.90,112.03,112.46,112.65,112.69,112.70,112.89,113.25,113.09,112.76,112.46,112.16,112.33,112.23,112.09,112.07,111.72,112.21,112.62,112.31,112.59,112.74,112.61,112.51,112.32,112.46,112.59,112.78,113.03,113.09,112.95,112.68,112.77,113.05,113.30,113.27,112.77,112.64,112.81,113.21,113.61,112.97,112.28,112.47,112.86,113.05,112.93,112.59,112.34,112.41,112.50,112.33,112.09,111.85,112.00,112.31,112.14,112.06
4.0,113.65,111.56,113.03,113.65,113.32,112.41,111.90,112.03,112.46,112.65,112.69,112.70,112.89,113.25,113.09,112.76,112.46,112.16,112.33,112.23,112.09,112.07,111.72,112.21,112.62,112.31,112.59,112.74,112.61,112.51,112.32,112.46,112.59,112.78,113.03,113.09,112.95,112.68,112.77,113.05,113.30,113.27,112.77,112.64,112.81,113.21,113.61,112.97,112.28,112.47,112.86,113.05,112.93,112.59,112.34,112.41,112.50,112.33,112.09,111.85,112.00,112.31,112.14,112.06,112.10,112.04,112.53,112.90,112.61,112.48,112.45,112.40,112.72,113.03,112.95,112.47,112.28,112.72,112.77,112.64,112.72,112.51,112.38,112.55,112.96,113.39,112.98,112.09,111.56,111.71,112.58,113.24,112.91,112.14,111.77,111.86,111.99,111.97,112.28,112.96,113.12,112.97,113.08,112.82,112.32,112.40,112.78,112.75,112.78,113.14,113.35,113.34,113.23,113.32,113.49,113.37,113.23,112.90,112.66,112.80,112.87,112.74,112.38,112.44,112.82,112.91,113.09,113.05
4.0,114.04,111.56,112.53,112.90,112.61,112.48,112.45,112.40,112.72,113.03,112.95,112.47,112.28,112.72,112.77,112.64,112.72,112.51,112.38,112.55,112.96,113.39,112.98,112.09,111.56,111.71,112.58,113.24,112.91,112.14,111.77,111.86,111.99,111.97,112.28,112.96,113.12,112.97,113.08,112.82,112.32,112.40,112.78,112.75,112.78,113.14,113.35,113.34,113.23,113.32,113.49,113.37,113.23,112.90,112.66,112.80,112.87,112.74,112.38,112.44,112.82,112.91,113.09,113.05,112.94,113.05,112.78,112.49,112.44,112.45,112.51,112.40,112.28,112.20,112.31,112.57,112.45,112.46,112.86,113.06,113.02,112.89,112.81,112.69,112.63,112.77,112.75,113.00,113.40,113.16,112.74,112.36,112.46,113.51,114.04,113.31,112.30,111.62,111.76,112.23,112.10,112.07,112.24,112.24,112.63,112.83,112.90,113.24,112.70,112.11,112.46,112.92,113.46,113.79,113.01,112.12,112.32,112.49,112.25,112.46,112.66,112.67,112.61,112.50,112.34,111.87,111.81,112.19
4.0,114.04,111.62,112.78,112.49,112.44,112.45,112.51,112.40,112.28,112.20,112.31,112.57,112.45,112.46,112.86,113.06,113.02,112.89,112.81,112.69,112.63,112.77,112.75,113.00,113.40,113.16,112.74,112.36,112.46,113.51,114.04,113.31,112.30,111.62,111.76,112.23,112.10,112.07,112.24,112.24,112.63,112.83,112.90,113.24,112.70,112.11,112.46,112.92,113.46,113.79,113.01,112.12,112.32,112.49,112.25,112.46,112.66,112.67,112.61,112.50,112.34,111.87,111.81,112.19,112.41,112.39,112.11,112.25,112.62,112.63,112.65,112.54,112.41,112.16,111.97,112.32,112.41,112.32,112.38,112.40,112.77,113.17,113.15,112.62,112.17,112.37,112.45,112.25,112.03,111.75,111.85,112.24,112.32,112.32,112.78,113.28,113.26,113.15,113.24,113.23,113.19,113.25,113.21,113.22,113.15,112.69,112.39,112.89,113.48,113.09,112.76,113.06,112.88,112.93,113.42,113.17,112.63,112.37,112.54,112.85,112.66,112.38,112.18,112.11,112.69,112.86,112.37,112.40
4.0,113.89,111.11,112.11,112.25,112.62,112.63,112.65,112.54,112.41,112.16,111.97,112.32,112.41,112.32,112.38,112.40,112.77,113.17,113.15,112.62,112.17,112.37,112.45,112.25,112.03,111.75,111.85,112.24,112.32,112.32,112.78,113.28,113.26,113.15,113.24,113.23,113.19,113.25,113.21,113.22,113.15,112.69,112.39,112.89,113.48,113.09,112.76,113.06,112.88,112.93,113.42,113.17,112.63,112.37,112.54,112.85,112.66,112.38,112.18,112.11,112.69,112.86,112.37,112.40,112.47,112.26,111.94,111.53,112.05,112.72,112.37,112.43,113.22,113.54,113.03,112.40,112.64,112.84,112.53,112.70,112.74,112.53,112.57,112.32,112.44,113.02,113.28,113.29,113.11,113.21,113.27,113.10,113.26,113.06,112.35,111.45,111.11,111.94,112.33,112.07,112.17,112.03,111.95,112.43,112.68,112.81,113.61,113.57,112.27,111.86,111.92,112.07,112.61,112.39,112.47,112.97,112.63,112.07,111.74,112.17,112.87,113.06,113.60,113.89,113.42,113.11,113.14,113.22
4.0,113.89,111.11,111.94,111.53,112.05,112.72,112.37,112.43,113.22,113.54,113.03,112.40,112.64,112.84,112.53,112.70,112.74,112.53,112.57,112.32,112.44,113.02,113.28,113.29,113.11,113.21,113.27,113.10,113.26,113.06,112.35,111.45,111.11,111.94,112.33,112.07,112.17,112.03,111.95,112.43,112.68,112.81,113.61,113.57,112.27,111.86,111.92,112.07,112.61,112.39,112.47,112.97,112.63,112.07,111.74,112.17,112.87,113.06,113.60,113.89,113.42,113.11,113.14,113.22,113.04,112.75,112.65,112.32,111.82,111.57,112.00,112.69,112.37,112.03,112.28,112.21,112.51,112.85,112.89,113.08,112.78,112.56,112.40,112.24,112.48,112.02,111.71,112.26,112.75,112.92,112.31,112.17,112.66,112.32,112.30,112.42,112.14,112.49,112.51,112.28,112.51,112.41,112.35,112.32,112.06,112.19,112.29,112.06,112.24,113.00,113.18,112.46,112.33,112.56,112.39,112.42,112.14,111.88,112.47,112.94,112.78,112.71,113.17,113.37,112.88,112.48,112.42,112.59
4.0,128.82,110.09,117.78,119.20,121.42,124.57,128.19,128.82,123.02,118.27,119.40,121.20,120.71,118.90,116.85,116.17,118.25,119.85,119.93,119.83,118.37,117.09,116.57,117.33,118.42,117.08,115.99,115.90,116.66,118.05,116.60,114.48,113.89,113.38,113.35,113.22,112.88,113.21,113.74,114.51,115.45,115.38,114.52,114.06,114.21,114.23,113.51,112.94,113.21,113.87,114.25,113.43,112.19,112.17,112.42,112.22,112.44,112.54,112.43,112.57,112.53,112.64,112.57,111.87,111.45,111.44,111.51,111.15,110.67,110.91,111.27,111.75,112.20,112.23,112.13,111.61,111.58,111.39,110.13,110.09,110.96,111.60,112.08,111.85,112.11,112.47,111.51,110.78,111.11,111.47,111.28,110.91,110.78,111.59,112.82,112.40,111.78,111.93,111.53,111.71,111.59,111.16,112.22,112.51,112.17,112.49,112.36,112.60,112.84,112.56,112.31,111.88,112.30,112.85,112.54,112.56,112.50,111.98,111.78,112.04,112.52,112.83,112.54,112.18,112.82,113.39,112.82,112.25
4.0,113.62,110.09,111.51,111.15,110.67,110.91,111.27,111.75,112.20,112.23,112.13,111.61,111.58,111.39,110.13,110.09,110.96,111.60,112.08,111.85,112.11,112.47,111.51,110.78,111.11,111.47,111.28,110.91,110.78,111.59,112.82,112.40,111.78,111.93,111.53,111.71,111.59,111.16,112.22,112.51,112.17,112.49,112.36,112.60,112.84,112.56,112.31,111.88,112.30,112.85,112.54,112.56,112.50,111.98,111.78,112.04,112.52,112.83,112.54,112.18,112.82,113.39,112.82,112.25,112.14,112.58,113.15,112.65,112.16,112.38,112.21,112.08,112.21,112.10,112.44,112.69,112.30,112.24,112.32,112.12,112.03,112.04,112.11,112.08,112.10,112.35,112.58,112.73,112.63,112.48,112.62,112.87,112.97,112.41,111.77,111.86,111.87,111.36,111.02,111.41,111.88,111.67,111.89,112.79,113.22,112.96,112.43,112.12,112.28,112.68,113.06,113.10,112.87,112.64,112.29,111.89,111.89,111.97,111.66,111.79,112.52,113.17,113.62,113.16,112.05,111.29,111.35,111.99
4.0,113.62,111.02,113.15,112.65,112.16,112.38,112.21,112.08,112.21,112.10,112.44,112.69,112.30,112.24,112.32,112.12,112.03,112.04,112.11,112.08,112.10,112.35,112.58,112.73,112.63,112.48,112.62,112.87,112.97,112.41,111.77,111.86,111.87,111.36,111.02,111.41,111.88,111.67,111.89,112.79,113.22,112.96,112.43,112.12,112.28,112.68,113.06,113.10,112.87,112.64,112.29,111.89,111.89,111.97,111.66,111.79,112.52,113.17,113.62,113.16,112.05,111.29,111.35,111.99,111.98,111.94,111.93,111.35,111.89,112.38,111.95,112.18,112.32,112.39,112.52,112.48,112.75,112.43,111.76,111.66,112.26,113.02,112.69,112.18,112.24,112.12,112.22,112.27,112.10,112.11,111.97,112.29,112.90,112.71,112.20,111.70,111.60,111.85,111.73,111.85,112.53,112.94,112.61,112.08,112.34,112.48,112.17,112.24,112.07,112.03,112.41,112.37,112.40,112.43,112.38,112.65,112.71,112.68,112.53,112.36,112.55,112.81,113.10,112.97,112.40,112.12,112.16,112.41
4.0,113.85,111.35,111.93,111.35,111.89,112.38,111.95,112.18,112.32,112.39,112.52,112.48,112.75,112.43,111.76,111.66,112.26,113.02,112.69,112.18,112.24,112.12,112.22,112.27,112.10,112.11,111.97,112.29,112.90,112.71,112.20,111.70,111.60,111.85,111.73,111.85,112.53,112.94,112.61,112.08,112.34,112.48,112.17,112.24,112.07,112.03,112.41,112.37,112.40,112.43,112.38,112.65,112.71,112.68,112.53,112.36,112.55,112.81,113.10,112.97,112.40,112.12,112.16,112.41,112.74,113.01,112.50,111.60,112.03,112.71,113.14,113.84,113.06,111.90,112.07,112.37,112.66,112.65,112.36,112.32,112.03,112.46,113.18,112.78,112.54,112.54,112.36,112.67,112.69,112.49,112.64,112.45,112.24,112.42,112.53,112.65,112.66,112.61,112.86,113.10,112.94,112.34,111.92,112.27,112.52,112.27,112.18,112.07,111.90,112.01,112.16,112.45,113.15,113.85,113.73,112.86,112.28,112.13,112.12,112.13,112.13,112.36,112.69,113.07,113.23,112.67,112.17,112.28
4.0,113.85,111.42,112.50,111.60,112.03,112.71,113.14,113.84,113.06,111.90,112.07,112.37,112.66,112.65,112.36,112.32,112.03,112.46,113.18,112.78,112.54,112.54,112.36,112.67,112.69,112.49,112.64,112.45,112.24,112.42,112.53,112.65,112.66,112.61,112.86,113.10,112.94,112.34,111.92,112.27,112.52,112.27,112.18,112.07,111.90,112.01,112.16,112.45,113.15,113.85,113.73,112.86,112.28,112.13,112.12,112.13,112.13,112.36,112.69,113.07,113.23,112.67,112.17,112.28,112.43,112.25,112.05,112.11,112.08,112.07,112.30,112.53,112.91,113.15,113.06,113.19,113.00,112.47,112.71,112.78,112.41,112.48,112.60,112.75,112.77,112.62,112.70,112.37,112.03,112.20,112.11,111.63,111.42,112.40,113.60,113.38,113.04,113.40,113.22,112.83,112.73,112.65,112.84,112.94,112.95,112.94,112.68,113.07,113.43,112.87,112.61,112.75,112.78,112.73,112.65,112.44,112.06,112.16,112.38,112.53,113.21,113.42,112.95,112.60,112.37,112.46,112.71,112.74
4.0,113.73,111.11,112.05,112.11,112.08,112.07,112.30,112.53,112.91,113.15,113.06,113.19,113.00,112.47,112.71,112.78,112.41,112.48,112.60,112.75,112.77,112.62,112.70,112.37,112.03,112.20,112.11,111.63,111.42,112.40,113.60,113.38,113.04,113.40,113.22,112.83,112.73,112.65,112.84,112.94,112.95,112.94,112.68,113.07,113.43,112.87,112.61,112.75,112.78,112.73,112.65,112.44,112.06,112.16,112.38,112.53,113.21,113.42,112.95,112.60,112.37,112.46,112.71,112.74,112.74,112.65,112.33,111.82,111.28,111.11,111.64,112.48,112.61,112.36,112.72,113.16,113.32,113.11,112.13,111.49,112.23,113.11,112.74,112.31,112.06,111.19,111.87,113.02,112.35,112.47,112.95,112.17,111.74,111.65,111.95,112.34,111.82,111.60,112.26,112.85,112.84,112.66,112.81,112.78,112.72,112.82,112.76,112.64,112.12,111.61,112.35,113.17,112.73,112.25,112.15,111.91,112.18,112.44,112.31,112.90,113.66,113.73,113.46,113.29,113.41,113.28,113.11,112.97
4.0,113.73,111.11,112.33,111.82,111.28,111.11,111.64,112.48,112.61,112.36,112.72,113.16,113.32,113.11,112.13,111.49,112.23,113.11,112.74,112.31,112.06,111.19,111.87,113.02,112.35,112.47,112.95,112.17,111.74,111.65,111.95,112.34,111.82,111.60,112.26,112.85,112.84,112.66,112.81,112.78,112.72,112.82,112.76,112.64,112.12,111.61,112.35,113.17,112.73,112.25,112.15,111.91,112.18,112.44,112.31,112.90,113.66,113.73,113.46,113.29,113.41,113.28,113.11,112.97,112.48,112.46,112.58,112.20,112.11,112.21,112.33,112.73,112.53,112.14,112.47,112.57,112.55,112.53,112.08,112.20,112.55,112.68,112.86,112.26,111.52,111.79,112.06,112.06,112.47,112.46,112.03,112.17,112.29,112.44,112.87,113.10,113.32,113.11,112.76,112.78,113.07,113.61,113.00,112.12,112.49,112.63,112.60,112.60,112.27,112.49,112.83,112.98,113.01,112.69,112.65,112.74,112.90,113.39,113.61,113.43,113.15,113.01,113.09,112.97,112.88,113.00,112.90,112.57
4.0,113.61,111.23,112.58,112.20,112.11,112.21,112.33,112.73,112.53,112.14,112.47,112.57,112.55,112.53,112.08,112.20,112.55,112.68,112.86,112.26,111.52,111.79,112.06,112.06,112.47,112.46,112.03,112.17,112.29,112.44,112.87,113.10,113.32,113.11,112.76,112.78,113.07,113.61,113.00,112.12,112.49,112.63,112.60,112.60,112.27,112.49,112.83,112.98,113.01,112.69,112.65,112.74,112.90,113.39,113.61,113.43,113.15,113.01,113.09,112.97,112.88,113.00,112.90,112.57,112.34,112.47,112.99,113.33,113.07,112.82,112.96,113.00,112.92,113.16,113.45,113.43,113.13,112.82,113.06,113.33,113.13,113.11,113.05,112.80,112.88,112.93,112.87,112.99,112.89,112.66,112.84,112.97,112.76,112.83,112.79,112.24,111.98,112.48,113.04,112.81,112.45,112.56,112.30,112.14,112.30,112.22,112.48,112.90,113.07,112.86,112.41,112.45,112.49,112.28,111.80,111.23,111.82,112.51,112.12,112.08,112.47,112.40,112.25,112.17,112.28,112.52,112.25,112.07
4.0,113.51,111.23,112.99,113.33,113.07,112.82,112.96,113.00,112.92,113.16,113.45,113.43,113.13,112.82,113.06,113.33,113.13,113.11,113.05,112.80,112.88,112.93,112.87,112.99,112.89,112.66,112.84,112.97,112.76,112.83,112.79,112.24,111.98,112.48,113.04,112.81,112.45,112.56,112.30,112.14,112.30,112.22,112.48,112.90,113.07,112.86,112.41,112.45,112.49,112.28,111.80,111.23,111.82,112.51,112.12,112.08,112.47,112.40,112.25,112.17,112.28,112.52,112.25,112.07,112.39,112.49,112.46,112.60,112.79,112.89,112.79,112.61,112.14,111.77,111.91,112.22,112.53,112.65,112.41,112.19,112.22,112.23,112.39,112.76,112.69,112.22,111.84,112.05,112.46,112.36,112.50,112.65,112.40,112.60,112.74,112.78,112.91,112.74,112.69,112.14,111.29,111.40,111.68,111.85,112.52,112.95,112.84,112.85,112.90,112.70,112.20,111.63,111.91,112.50,112.37,112.46,112.64,112.41,112.50,112.43,112.27,112.51,112.57,112.68,112.76,112.58,112.58,112.58
4.0,113.89,111.29,112.46,112.60,112.79,112.89,112.79,112.61,112.14,111.77,111.91,112.22,112.53,112.65,112.41,112.19,112.22,112.23,112.39,112.76,112.69,112.22,111.84,112.05,112.46,112.36,112.50,112.65,112.40,112.60,112.74,112.78,112.91,112.74,112.69,112.14,111.29,111.40,111.68,111.85,112.52,112.95,112.84,112.85,112.90,112.70,112.20,111.63,111.91,112.50,112.37,112.46,112.64,112.41,112.50,112.43,112.27,112.51,112.57,112.68,112.76,112.58,112.58,112.58,112.82,113.51,113.89,113.63,113.03,112.87,113.07,112.94,112.82,112.75,112.85,113.25,113.51,113.76,113.09,112.04,112.48,112.89,112.61,112.78,112.61,112.40,112.96,113.40,113.28,112.74,112.46,112.35,111.88,112.49,113.46,113.16,113.32,113.75,113.26,113.16,113.33,113.20,113.15,112.76,112.38,112.53,112.49,112.30,112.49,112.69,112.99,113.38,113.09,112.57,112.39,112.61,112.98,112.25,111.55,112.40,112.89,112.55,112.59,112.84,112.91,112.82,112.65,112.37
4.0,113.89,111.33,113.89,113.63,113.03,112.87,113.07,112.94,112.82,112.75,112.85,113.25,113.51,113.76,113.09,112.04,112.48,112.89,112.61,112.78,112.61,112.40,112.96,113.40,113.28,112.74,112.46,112.35,111.88,112.49,113.46,113.16,113.32,113.75,113.26,113.16,113.33,113.20,113.15,112.76,112.38,112.53,112.49,112.30,112.49,112.69,112.99,113.38,113.09,112.57,112.39,112.61,112.98,112.25,111.55,112.40,112.89,112.55,112.59,112.84,112.91,112.82,112.65,112.37,112.24,112.34,112.32,112.29,112.31,112.37,112.71,113.28,113.38,112.63,112.03,112.33,112.72,112.71,112.67,112.69,112.67,112.69,112.64,112.46,112.22,112.19,112.34,112.26,112.29,112.67,112.88,112.84,112.58,111.94,111.33,111.82,112.69,112.38,112.22,112.45,112.11,112.30,112.38,112.15,112.57,112.57,112.52,112.61,112.45,112.44,112.26,112.42,112.72,112.47,112.39,112.29,112.18,112.04,111.67,111.91,112.22,112.08,112.38,112.77,112.62,112.54,112.68,112.48
4.0,114.21,110.15,112.32,112.29,112.31,112.37,112.71,113.28,113.38,112.63,112.03,112.33,112.72,112.71,112.67,112.69,112.67,112.69,112.64,112.46,112.22,112.19,112.34,112.26,112.29,112.67,112.88,112.84,112.58,111.94,111.33,111.82,112.69,112.38,112.22,112.45,112.11,112.30,112.38,112.15,112.57,112.57,112.52,112.61,112.45,112.44,112.26,112.42,112.72,112.47,112.39,112.29,112.18,112.04,111.67,111.91,112.22,112.08,112.38,112.77,112.62,112.54,112.68,112.48,111.91,111.42,111.69,112.40,112.37,111.99,111.79,111.78,111.96,111.84,111.82,111.97,112.03,112.95,113.87,113.35,112.13,111.37,111.62,112.20,112.25,112.20,112.21,112.04,111.99,112.49,113.51,114.06,113.21,112.56,113.39,113.94,113.48,113.02,112.65,112.63,113.17,113.21,112.82,112.71,112.54,112.59,112.77,112.90,113.30,113.16,112.69,112.75,113.27,113.97,113.64,112.62,112.28,112.44,112.79,112.67,112.51,113.04,113.50,114.17,114.21,112.62,111.20,110.60
1.0,204.18,36.58,63.14,70.87,90.76,120.40,148.35,166.25,162.23,146.78,140.64,151.56,182.08,204.18,182.69,122.67,68.13,62.68,67.25,58.79,98.34,136.02,112.61,90.71,68.60,49.04,68.67,86.73,101.68,117.38,106.31,95.33,94.07,98.38,111.85,108.27,94.61,90.36,91.13,108.71,129.51,134.09,142.17,154.17,156.81,154.24,151.62,137.69,108.56,95.07,102.45,110.95,124.28,138.18,140.31,132.60,122.25,112.05,104.06,99.40,84.98,62.95,61.70,72.59,72.92,79.69,85.35,78.88,86.34,103.10,129.07,162.16,167.07,155.08,147.34,147.56,169.03,193.40,190.04,148.40,79.49,36.58,71.71,126.98,128.99,115.41,101.59,85.62,72.92,43.97,57.80,105.11,114.29,112.71,105.68,102.60,108.16,105.46,117.24,114.10,102.22,106.33,101.06,106.22,115.54,135.69,177.83,187.61,167.03,134.99,106.84,111.57,118.56,109.32,107.73,117.20,130.66,143.96,138.75,120.58,111.68,94.03,71.36,60.02,55.93,66.58,74.37,73.03
1.0,205.82,0.60,85.35,78.88,86.34,103.10,129.07,162.16,167.07,155.08,147.34,147.56,169.03,193.40,190.04,148.40,79.49,36.58,71.71,126.98,128.99,115.41,101.59,85.62,72.92,43.97,57.80,105.11,114.29,112.71,105.68,102.60,108.16,105.46,117.24,114.10,102.22,106.33,101.06,106.22,115.54,135.69,177.83,187.61,167.03,134.99,106.84,111.57,118.56,109.32,107.73,117.20,130.66,143.96,138.75,120.58,111.68,94.03,71.36,60.02,55.93,66.58,74.37,73.03,70.09,65.53,85.82,127.03,163.99,179.00,167.46,158.60,160.19,178.97,205.82,194.72,160.09,92.10,0.60,24.34,113.64,122.98,118.72,105.22,67.75,66.30,66.00,83.87,111.74,111.78,115.59,103.13,102.06,111.18,105.43,112.92,98.68,90.94,105.07,110.47,124.35,129.05,144.47,166.80,164.77,147.81,106.22,79.39,92.33,127.77,169.58,170.30,136.65,110.14,100.65,99.03,90.12,84.46,81.28,66.68,60.06,64.22,64.34,74.19,82.50,77.26,83.72,101.40
1.0,211.38,0.60,85.82,127.03,163.99,179.00,167.46,158.60,160.19,178.97,205.82,194.72,160.09,92.10,0.60,24.34,113.64,122.98,118.72,105.22,67.75,66.30,66.00,83.87,111.74,111.78,115.59,103.13,102.06,111.18,105.43,112.92,98.68,90.94,105.07,110.47,124.35,129.05,144.47,166.80,164.77,147.81,106.22,79.39,92.33,127.77,169.58,170.30,136.65,110.14,100.65,99.03,90.12,84.46,81.28,66.68,60.06,64.22,64.34,74.19,82.50,77.26,83.72,101.40,136.74,183.67,193.83,168.98,153.94,174.46,198.99,184.09,127.64,54.72,40.44,77.88,94.53,124.61,137.93,101.91,93.77,73.53,37.10,62.67,103.85,123.61,118.07,95.24,94.08,99.29,107.98,118.99,113.57,110.34,109.22,115.82,133.28,136.63,140.20,156.93,162.83,136.89,100.48,100.26,127.87,154.23,170.55,164.13,143.02,117.89,98.97,94.81,78.68,56.71,56.19,59.98,65.08,78.33,85.34,84.32,80.87,79.20,89.14,115.58,147.21,166.05,166.25,166.71
1.0,214.69,17.71,193.83,168.98,153.94,174.46,198.99,184.09,127.64,54.72,40.44,77.88,94.53,124.61,137.93,101.91,93.77,73.53,37.10,62.67,103.85,123.61,118.07,95.24,94.08,99.29,107.98,118.99,113.57,110.34,109.22,115.82,133.28,136.63,140.20,156.93,162.83,136.89,100.48,100.26,127.87,154.23,170.55,164.13,143.02,117.89,98.97,94.81,78.68,56.71,56.19,59.98,65.08,78.33,85.34,84.32,80.87,79.20,89.14,115.58,147.21,166.05,166.25,166.71,188.94,211.38,197.64,137.44,53.46,17.71,58.39,108.60,137.09,134.72,84.44,45.94,45.26,54.06,73.63,101.30,135.30,122.86,78.64,90.45,103.61,108.71,124.54,104.30,100.65,109.55,106.03,118.94,129.87,163.60,194.01,172.16,142.08,117.59,99.87,92.37,97.51,131.10,158.31,159.62,148.28,126.86,113.26,98.33,75.88,65.31,55.30,51.17,55.16,59.31,78.50,87.04,85.47,106.64,127.59,138.25,162.84,194.69,189.49,174.95,206.85,214.69,154.51,72.52
1.0,214.69,17.71,197.64,137.44,53.46,17.71,58.39,108.60,137.09,134.72,84.44,45.94,45.26,54.06,73.63,101.30,135.30,122.86,78.64,90.45,103.61,108.71,124.54,104.30,100.65,109.55,106.03,118.94,129.87,163.60,194.01,172.16,142.08,117.59,99.87,92.37,97.51,131.10,158.31,159.62,148.28,126.86,113.26,98.33,75.88,65.31,55.30,51.17,55.16,59.31,78.50,87.04,85.47,106.64,127.59,138.25,162.84,194.69,189.49,174.95,206.85,214.69,154.51,72.52,25.40,58.60,112.30,138.99,132.74,83.60,64.78,66.50,58.01,79.97,98.22,114.44,121.80,103.27,105.60,106.32,106.72,112.45,98.67,96.70,105.20,121.34,134.45,131.13,143.28,159.58,162.70,146.49,117.76,103.26,99.44,117.74,152.09,165.79,154.26,138.82,129.99,106.94,94.18,100.94,77.98,58.48,62.93,60.87,68.43,77.12,77.27,78.69,81.17,98.38,123.03,150.38,178.73,186.21,183.18,192.04,202.25,177.03,111.74,54.63,43.63,71.44,103.71,127.14
1.0,216.57,31.31,112.30,138.99,132.74,83.60,64.78,66.50,58.01,79.97,98.22,114.44,121.80,103.27,105.60,106.32,106.72,112.45,98.67,96.70,105.20,121.34,134.45,131.13,143.28,159.58,162.70,146.49,117.76,103.26,99.44,117.74,152.09,165.79,154.26,138.82,129.99,106.94,94.18,100.94,77.98,58.48,62.93,60.87,68.43,77.12,77.27,78.69,81.17,98.38,123.03,150.38,178.73,186.21,183.18,192.04,202.25,177.03,111.74,54.63,43.63,71.44,103.71,127.14,121.61,86.97,68.69,49.39,45.24,86.25,113.69,125.87,116.53,93.01,102.75,106.90,111.20,113.85,96.75,104.40,108.12,110.55,128.86,136.96,152.29,153.76,144.03,129.28,82.90,65.84,114.97,185.75,216.57,190.02,153.58,107.03,62.16,72.17,86.39,67.44,65.83,60.97,46.29,60.26,65.80,72.76,96.48,95.48,107.40,141.68,150.08,146.36,159.34,176.33,174.03,168.85,165.03,142.00,93.46,31.31,33.00,109.30,148.08,125.08,94.38,73.04,56.93,56.53
1.0,216.57,31.31,68.69,49.39,45.24,86.25,113.69,125.87,116.53,93.01,102.75,106.90,111.20,113.85,96.75,104.40,108.12,110.55,128.86,136.96,152.29,153.76,144.03,129.28,82.90,65.84,114.97,185.75,216.57,190.02,153.58,107.03,62.16,72.17,86.39,67.44,65.83,60.97,46.29,60.26,65.80,72.76,96.48,95.48,107.40,141.68,150.08,146.36,159.34,176.33,174.03,168.85,165.03,142.00,93.46,31.31,33.00,109.30,148.08,125.08,94.38,73.04,56.93,56.53,84.67,109.40,113.93,110.68,98.53,91.43,98.29,115.86,125.13,118.32,111.61,98.71,97.22,112.73,127.69,153.80,175.43,176.02,146.91,96.92,80.04,102.76,141.47,186.35,198.10,159.80,119.89,107.22,103.64,99.12,90.88,80.18,61.98,47.00,54.61,58.09,67.49,88.56,81.12,82.01,114.14,140.15,155.80,169.02,169.92,157.82,169.34,201.44,214.19,185.61,103.68,38.30,41.21,75.50,113.33,119.66,106.08,97.90,76.39,64.16,74.95,95.32,116.10,120.08
1.0,214.19,36.35,113.93,110.68,98.53,91.43,98.29,115.86,125.13,118.32,111.61,98.71,97.22,112.73,127.69,153.80,175.43,176.02,146.91,96.92,80.04,102.76,141.47,186.35,198.10,159.80,119.89,107.22,103.64,99.12,90.88,80.18,61.98,47.00,54.61,58.09,67.49,88.56,81.12,82.01,114.14,140.15,155.80,169.02,169.92,157.82,169.34,201.44,214.19,185.61,103.68,38.30,41.21,75.50,113.33,119.66,106.08,97.90,76.39,64.16,74.95,95.32,116.10,120.08,108.04,99.50,105.02,110.68,115.71,116.86,104.46,100.98,110.16,123.86,133.74,135.22,147.34,156.38,142.65,110.39,77.98,83.63,119.80,144.25,151.88,155.33,140.40,111.43,110.52,113.33,96.42,93.49,76.69,57.22,70.32,71.26,74.82,83.80,72.25,76.84,88.69,108.21,138.27,149.03,163.96,173.39,171.12,190.45,203.97,181.54,121.69,52.97,36.35,63.96,92.35,129.95,140.07,98.26,74.93,65.48,60.86,90.94,110.38,118.37,118.59,107.06,113.49,111.77
1.0,221.55,10.96,101.79,100.88,100.28,101.83,109.45,114.01,120.52,138.57,154.89,153.61,151.86,156.28,139.59,109.21,84.59,78.88,106.54,140.68,161.37,163.15,143.89,120.63,91.99,76.35,73.02,59.68,61.28,58.72,48.33,59.23,63.53,74.68,97.47,110.92,139.00,167.70,178.86,174.79,169.11,186.52,200.71,190.20,132.52,37.28,10.96,56.60,97.35,130.16,121.15,80.63,79.39,74.20,54.77,69.96,88.43,108.37,119.15,96.47,86.06,88.65,94.79,109.13,112.80,115.54,114.63,114.71,135.49,163.11,178.66,176.66,167.32,135.12,78.99,64.54,103.63,147.75,178.58,181.49,147.38,105.37,82.67,77.48,74.49,67.73,63.37,52.72,42.02,48.30,56.85,71.81,96.67,117.44,147.92,180.50,191.62,183.79,182.76,210.18,221.55,158.79,52.48,12.52,76.58,132.43,123.14,100.24,75.10,52.31,47.47,60.73,94.92,117.11,108.43,103.40,103.19,96.12,103.88,117.34,113.71,113.40,117.72,109.31,107.75,119.06,142.32,177.99
1.0,221.55,12.52,114.63,114.71,135.49,163.11,178.66,176.66,167.32,135.12,78.99,64.54,103.63,147.75,178.58,181.49,147.38,105.37,82.67,77.48,74.49,67.73,63.37,52.72,42.02,48.30,56.85,71.81,96.67,117.44,147.92,180.50,191.62,183.79,182.76,210.18,221.55,158.79,52.48,12.52,76.58,132.43,123.14,100.24,75.10,52.31,47.47,60.73,94.92,117.11,108.43,103.40,103.19,96.12,103.88,117.34,113.71,113.40,117.72,109.31,107.75,119.06,142.32,177.99,184.91,146.37,95.84,79.56,117.45,162.74,180.14,177.15,142.21,90.80,74.28,78.51,66.97,61.26,59.63,47.87,47.50,54.00,65.06,83.35,90.31,97.56,122.28,157.55,181.77,180.02,171.85,174.34,191.00,206.36,174.94,95.48,38.05,55.00,103.49,120.98,116.08,98.84,73.12,59.68,58.08,75.49,94.62,97.49,106.00,99.13,83.32,96.72,109.84,108.56,110.03,113.17,121.77,132.73,135.62,140.64,161.67,184.60,179.54,143.53,92.76,54.06,83.72,163.89
1.0,206.36,38.05,95.84,79.56,117.45,162.74,180.14,177.15,142.21,90.80,74.28,78.51,66.97,61.26,59.63,47.87,47.50,54.00,65.06,83.35,90.31,97.56,122.28,157.55,181.77,180.02,171.85,174.34,191.00,206.36,174.94,95.48,38.05,55.00,103.49,120.98,116.08,98.84,73.12,59.68,58.08,75.49,94.62,97.49,106.00,99.13,83.32,96.72,109.84,108.56,110.03,113.17,121.77,132.73,135.62,140.64,161.67,184.60,179.54,143.53,92.76,54.06,83.72,163.89,206.05,194.36,161.95,135.10,101.33,74.67,85.79,76.84,65.77,69.50,42.87,43.57,61.01,70.68,91.48,95.56,121.61,157.31,170.84,187.65,181.72,175.42,197.71,205.11,162.02,83.37,45.66,80.85,122.17,125.09,105.10,74.80,60.32,68.13,69.53,84.90,107.89,110.69,111.09,104.04,99.23,104.23,104.44,107.38,105.76,103.90,108.03,119.01,143.60,159.27,165.08,159.27,122.11,81.69,78.76,118.59,164.89,183.04,171.47,139.79,105.32,83.87,82.62,80.30
1.0,228.97,36.86,161.95,135.10,101.33,74.67,85.79,76.84,65.77,69.50,42.87,43.57,61.01,70.68,91.48,95.56,121.61,157.31,170.84,187.65,181.72,175.42,197.71,205.11,162.02,83.37,45.66,80.85,122.17,125.09,105.10,74.80,60.32,68.13,69.53,84.90,107.89,110.69,111.09,104.04,99.23,104.23,104.44,107.38,105.76,103.90,108.03,119.01,143.60,159.27,165.08,159.27,122.11,81.69,78.76,118.59,164.89,183.04,171.47,139.79,105.32,83.87,82.62,80.30,66.02,60.38,53.62,52.01,63.10,71.62,87.08,95.22,100.59,125.21,154.82,171.94,169.96,194.19,228.97,207.63,177.35,150.10,88.02,36.86,56.78,133.00,168.49,129.76,73.15,40.14,44.24,68.66,107.44,126.95,107.57,101.16,97.89,93.41,104.95,105.77,106.03,104.33,99.40,107.40,117.08,132.35,148.57,160.42,168.97,157.34,125.20,90.28,87.19,112.84,129.31,152.15,171.33,151.78,124.58,104.50,89.70,87.88,76.34,63.86,63.06,57.93,62.97,77.19
1.0,228.97,36.86,53.62,52.01,63.10,71.62,87.08,95.22,100.59,125.21,154.82,171.94,169.96,194.19,228.97,207.63,177.35,150.10,88.02,36.86,56.78,133.00,168.49,129.76,73.15,40.14,44.24,68.66,107.44,126.95,107.57,101.16,97.89,93.41,104.95,105.77,106.03,104.33,99.40,107.40,117.08,132.35,148.57,160.42,168.97,157.34,125.20,90.28,87.19,112.84,129.31,152.15,171.33,151.78,124.58,104.50,89.70,87.88,76.34,63.86,63.06,57.93,62.97,77.19,81.39,80.31,79.04,85.61,110.12,151.30,179.19,171.62,170.93,196.06,206.58,173.17,94.93,41.32,70.98,116.70,125.69,116.57,90.31,62.10,48.24,53.47,89.45,118.86,119.99,111.63,97.16,91.93,95.73,100.74,100.14,94.50,103.17,107.77,113.35,129.73,151.44,190.37,195.38,165.58,131.38,82.16,86.52,112.73,98.36,142.98,199.65,170.88,135.99,111.62,87.32,84.77,74.87,64.33,52.41,43.65,56.75,61.04,70.94,80.45,72.51,97.69,142.02,175.75
1.0,217.74,39.75,79.04,85.61,110.12,151.30,179.19,171.62,170.93,196.06,206.58,173.17,94.93,41.32,70.98,116.70,125.69,116.57,90.31,62.10,48.24,53.47,89.45,118.86,119.99,111.63,97.16,91.93,95.73,100.74,100.14,94.50,103.17,107.77,113.35,129.73,151.44,190.37,195.38,165.58,131.38,82.16,86.52,112.73,98.36,142.98,199.65,170.88,135.99,111.62,87.32,84.77,74.87,64.33,52.41,43.65,56.75,61.04,70.94,80.45,72.51,97.69,142.02,175.75,186.79,163.30,157.98,181.14,196.64,183.46,123.56,53.25,39.75,93.72,133.70,121.47,103.05,75.77,51.73,51.37,55.40,75.86,106.69,119.57,107.82,96.07,102.67,107.77,113.89,108.79,91.26,97.29,109.05,122.55,143.48,157.11,175.87,176.36,143.93,105.67,80.37,84.94,107.99,148.99,194.80,188.29,144.35,103.95,78.91,81.12,82.57,75.88,74.37,63.46,53.58,52.51,61.40,79.19,84.08,89.61,107.74,129.19,156.51,171.62,168.35,170.84,192.40,217.74
1.0,217.74,39.75,157.98,181.14,196.64,183.46,123.56,53.25,39.75,93.72,133.70,121.47,103.05,75.77,51.73,51.37,55.40,75.86,106.69,119.57,107.82,96.07,102.67,107.77,113.89,108.79,91.26,97.29,109.05,122.55,143.48,157.11,175.87,176.36,143.93,105.67,80.37,84.94,107.99,148.99,194.80,188.29,144.35,103.95,78.91,81.12,82.57,75.88,74.37,63.46,53.58,52.51,61.40,79.19,84.08,89.61,107.74,129.19,156.51,171.62,168.35,170.84,192.40,217.74,206.98,137.04,54.47,42.55,78.06,96.46,124.07,126.68,80.67,63.72,63.00,77.86,118.03,118.71,110.36,105.28,88.83,99.99,106.83,102.46,105.65,105.24,113.42,125.77,140.10,149.06,153.36,165.90,160.63,134.74,112.78,106.84,105.69,109.92,157.48,203.42,178.50,127.47,99.42,92.45,87.86,71.97,70.53,76.77,68.92,70.63,69.54,63.53,71.29,71.86,84.24,121.32,158.51,177.44,165.17,161.69,178.20,195.11,213.17,172.68,84.13,51.57,79.58,110.24
1.0,221.03,23.86,54.47,42.55,78.06,96.46,124.07,126.68,80.67,63.72,63.00,77.86,118.03,118.71,110.36,105.28,88.83,99.99,106.83,102.46,105.65,105.24,113.42,125.77,140.10,149.06,153.36,165.90,160.63,134.74,112.78,106.84,105.69,109.92,157.48,203.42,178.50,127.47,99.42,92.45,87.86,71.97,70.53,76.77,68.92,70.63,69.54,63.53,71.29,71.86,84.24,121.32,158.51,177.44,165.17,161.69,178.20,195.11,213.17,172.68,84.13,51.57,79.58,110.24,115.24,92.25,60.42,48.79,53.20,58.03,87.84,122.06,123.78,110.76,92.97,93.20,106.53,106.35,107.71,104.28,104.20,115.02,121.83,136.05,152.34,167.84,165.45,126.61,87.76,81.73,119.12,168.54,204.83,214.30,144.36,66.75,79.91,95.45,69.85,69.93,67.21,48.04,55.68,60.72,66.76,79.97,72.83,85.11,117.67,145.81,161.93,164.47,174.69,175.89,198.08,221.03,154.16,59.27,23.86,77.45,154.74,148.59,103.62,55.63,33.00,60.59,62.98,72.54
1.0,226.45,0.08,60.42,48.79,53.20,58.03,87.84,122.06,123.78,110.76,92.97,93.20,106.53,106.35,107.71,104.28,104.20,115.02,121.83,136.05,152.34,167.84,165.45,126.61,87.76,81.73,119.12,168.54,204.83,214.30,144.36,66.75,79.91,95.45,69.85,69.93,67.21,48.04,55.68,60.72,66.76,79.97,72.83,85.11,117.67,145.81,161.93,164.47,174.69,175.89,198.08,221.03,154.16,59.27,23.86,77.45,154.74,148.59,103.62,55.63,33.00,60.59,62.98,72.54,113.35,119.77,110.75,102.26,94.02,96.56,105.55,115.76,112.82,105.87,104.42,115.11,137.92,148.51,155.29,158.13,135.27,95.07,65.26,80.31,137.07,190.40,194.08,154.50,123.78,101.35,90.77,97.95,77.50,58.21,58.20,48.94,59.57,75.35,82.37,90.11,85.01,98.91,130.91,160.31,181.74,175.21,176.56,205.01,226.45,208.10,119.88,13.45,0.08,78.82,141.84,153.81,134.87,95.61,72.51,60.79,61.29,87.60,108.32,121.92,110.55,90.22,98.86,102.39
1.0,226.45,0.08,110.75,102.26,94.02,96.56,105.55,115.76,112.82,105.87,104.42,115.11,137.92,148.51,155.29,158.13,135.27,95.07,65.26,80.31,137.07,190.40,194.08,154.50,123.78,101.35,90.77,97.95,77.50,58.21,58.20,48.94,59.57,75.35,82.37,90.11,85.01,98.91,130.91,160.31,181.74,175.21,176.56,205.01,226.45,208.10,119.88,13.45,0.08,78.82,141.84,153.81,134.87,95.61,72.51,60.79,61.29,87.60,108.32,121.92,110.55,90.22,98.86,102.39,114.10,123.67,110.55,113.70,116.29,120.82,132.18,132.90,146.83,157.62,141.14,106.39,75.71,78.11,109.43,151.85,184.60,189.81,168.52,130.52,97.77,89.73,90.38,75.06,61.33,54.36,44.49,50.55,63.69,77.62,93.20,97.75,114.66,146.43,176.65,190.90,172.37,168.36,202.29,216.53,162.16,68.36,37.64,77.61,104.14,106.26,95.17,75.19,70.12,71.13,67.88,79.38,103.64,115.99,110.13,104.81,108.98,107.24,103.87,105.95,100.97,101.18,107.59,114.94
1.0,216.53,28.60,110.55,113.70,116.29,120.82,132.18,132.90,146.83,157.62,141.14,106.39,75.71,78.11,109.43,151.85,184.60,189.81,168.52,130.52,97.77,89.73,90.38,75.06,61.33,54.36,44.49,50.55,63.69,77.62,93.20,97.75,114.66,146.43,176.65,190.90,172.37,168.36,202.29,216.53,162.16,68.36,37.64,77.61,104.14,106.26,95.17,75.19,70.12,71.13,67.88,79.38,103.64,115.99,110.13,104.81,108.98,107.24,103.87,105.95,100.97,101.18,107.59,114.94,132.82,146.03,162.78,177.63,161.86,136.81,99.97,71.19,95.59,132.70,172.11,195.77,152.15,109.19,98.45,89.02,94.90,84.44,61.30,54.93,46.79,50.69,63.24,70.90,75.62,76.06,95.22,126.50,160.69,190.19,187.86,184.47,198.62,201.39,170.22,92.88,28.60,43.57,95.56,124.42,122.94,96.79,69.28,59.92,60.37,70.96,87.59,105.06,114.72,105.63,102.93,104.79,101.87,107.06,103.44,100.17,106.60,110.85,125.37,151.46,179.54,175.74,122.92,75.83
1.0,213.37,0.00,162.78,177.63,161.86,136.81,99.97,71.19,95.59,132.70,172.11,195.77,152.15,109.19,98.45,89.02,94.90,84.44,61.30,54.93,46.79,50.69,63.24,70.90,75.62,76.06,95.22,126.50,160.69,190.19,187.86,184.47,198.62,201.39,170.22,92.88,28.60,43.57,95.56,124.42,122.94,96.79,69.28,59.92,60.37,70.96,87.59,105.06,114.72,105.63,102.93,104.79,101.87,107.06,103.44,100.17,106.60,110.85,125.37,151.46,179.54,175.74,122.92,75.83,71.91,94.48,126.56,160.86,159.51,133.86,141.44,129.94,99.19,104.22,86.73,61.67,58.78,48.16,51.57,59.72,69.54,77.88,71.94,81.92,100.46,137.11,192.60,213.37,205.45,205.31,211.64,189.91,112.31,0.91,0.00,37.50,118.14,151.36,149.69,89.88,40.38,27.86,47.91,100.31,126.10,132.02,111.83,87.27,103.57,109.05,114.70,114.97,98.34,109.86,116.59,126.71,149.76,166.49,195.04,190.87,146.80,106.83,92.75,108.79,112.37,117.35,142.11,144.74
1.0,226.51,0.00,126.56,160.86,159.51,133.86,141.44,129.94,99.19,104.22,86.73,61.67,58.78,48.16,51.57,59.72,69.54,77.88,71.94,81.92,100.46,137.11,192.60,213.37,205.45,205.31,211.64,189.91,112.31,0.91,0.00,37.50,118.14,151.36,149.69,89.88,40.38,27.86,47.91,100.31,126.10,132.02,111.83,87.27,103.57,109.05,114.70,114.97,98.34,109.86,116.59,126.71,149.76,166.49,195.04,190.87,146.80,106.83,92.75,108.79,112.37,117.35,142.11,144.74,144.81,147.57,122.19,86.93,64.05,62.27,67.63,70.06,76.87,73.38,67.40,71.40,82.34,116.27,156.51,168.92,165.44,175.46,203.90,226.51,209.82,145.82,56.99,4.66,60.10,151.81,166.67,144.06,113.97,61.62,11.78,20.46,103.00,146.55,134.45,124.90,105.36,106.29,108.48,109.44,122.45,112.00,115.36,114.53,105.06,116.09,121.56,143.90,160.39,154.92,136.77,88.45,71.20,109.21,155.48,174.22,162.27,145.75,123.00,107.61,104.76,89.21,72.42,62.13
1.0,250.94,0.00,50.48,57.79,73.65,95.47,104.38,88.41,77.25,78.52,80.52,88.78,108.38,142.97,170.84,162.02,159.93,208.07,250.94,222.96,109.31,0.00,0.00,66.85,90.47,112.81,115.29,81.35,77.75,50.58,34.91,84.89,113.38,120.05,107.32,90.41,101.94,101.47,112.30,118.80,105.96,109.31,102.58,111.24,135.67,142.77,147.37,146.14,145.34,117.89,72.00,80.81,135.63,187.26,189.47,150.16,127.25,110.68,96.63,100.79,93.88,72.01,51.51,42.34,50.73,65.57,87.39,101.70,91.00,87.97,100.17,112.40,141.08,173.62,183.00,172.35,159.03,166.03,192.08,207.08,168.73,85.70,20.66,0.00,46.49,138.08,142.75,113.89,98.74,54.36,56.64,72.49,57.50,94.25,124.07,103.87,90.21,80.41,83.40,101.75,117.75,129.82,129.04,126.16,127.40,123.08,116.49,108.74,106.62,122.44,148.08,155.27,130.75,108.02,114.31,127.41,150.13,178.53,144.45,85.61,85.35,77.82,50.78,60.12,66.35,70.40,84.13,83.21
1.0,217.48,0.00,87.39,101.70,91.00,87.97,100.17,112.40,141.08,173.62,183.00,172.35,159.03,166.03,192.08,207.08,168.73,85.70,20.66,0.00,46.49,138.08,142.75,113.89,98.74,54.36,56.64,72.49,57.50,94.25,124.07,103.87,90.21,80.41,83.40,101.75,117.75,129.82,129.04,126.16,127.40,123.08,116.49,108.74,106.62,122.44,148.08,155.27,130.75,108.02,114.31,127.41,150.13,178.53,144.45,85.61,85.35,77.82,50.78,60.12,66.35,70.40,84.13,83.21,87.59,89.89,92.67,112.85,132.20,160.01,183.11,180.35,174.08,175.39,191.91,206.02,171.34,95.01,39.98,47.32,88.34,116.28,120.45,108.11,96.35,83.77,61.45,62.15,81.15,99.71,132.23,126.82,94.45,101.46,105.59,111.29,126.17,111.87,111.06,120.27,125.52,148.47,162.68,174.51,178.53,150.40,112.60,85.68,84.27,122.28,191.39,217.48,165.67,113.61,92.38,92.68,98.45,83.97,72.05,58.05,40.84,47.71,62.17,79.83,90.78,88.51,103.83,123.71
1.0,227.24,25.09,92.67,112.85,132.20,160.01,183.11,180.35,174.08,175.39,191.91,206.02,171.34,95.01,39.98,47.32,88.34,116.28,120.45,108.11,96.35,83.77,61.45,62.15,81.15,99.71,132.23,126.82,94.45,101.46,105.59,111.29,126.17,111.87,111.06,120.27,125.52,148.47,162.68,174.51,178.53,150.40,112.60,85.68,84.27,122.28,191.39,217.48,165.67,113.61,92.38,92.68,98.45,83.97,72.05,58.05,40.84,47.71,62.17,79.83,90.78,88.51,103.83,123.71,140.78,172.57,190.53,181.30,178.88,198.00,203.92,165.36,96.38,35.46,25.09,72.53,127.21,134.34,111.03,91.79,58.62,43.13,76.09,106.64,119.24,113.40,94.38,91.50,94.47,104.01,115.76,112.76,112.99,113.91,114.01,120.16,125.31,138.88,160.17,171.88,153.23,105.61,71.22,88.90,137.73,161.81,163.70,147.19,116.20,117.62,121.99,108.28,90.27,50.99,36.70,49.29,45.08,48.23,67.77,84.85,82.90,83.25,108.87,139.92,190.68,227.24,189.81,160.05
1.0,227.24,24.84,190.53,181.30,178.88,198.00,203.92,165.36,96.38,35.46,25.09,72.53,127.21,134.34,111.03,91.79,58.62,43.13,76.09,106.64,119.24,113.40,94.38,91.50,94.47,104.01,115.76,112.76,112.99,113.91,114.01,120.16,125.31,138.88,160.17,171.88,153.23,105.61,71.22,88.90,137.73,161.81,163.70,147.19,116.20,117.62,121.99,108.28,90.27,50.99,36.70,49.29,45.08,48.23,67.77,84.85,82.90,83.25,108.87,139.92,190.68,227.24,189.81,160.05,185.35,198.45,188.83,129.24,28.79,27.20,99.79,120.13,114.32,101.66,85.14,82.12,69.67,63.20,67.57,83.81,112.95,116.40,106.36,100.65,100.35,106.63,106.48,110.79,112.80,116.37,130.94,143.00,160.90,166.61,152.19,130.16,93.17,75.53,112.49,172.83,193.56,165.06,129.24,103.32,95.83,98.91,86.29,70.55,69.33,66.15,55.45,53.66,61.18,72.17,81.43,88.01,106.92,134.87,162.27,181.73,181.70,182.99,198.07,208.24,198.30,137.60,44.57,24.84
1.0,222.08,20.14,188.83,129.24,28.79,27.20,99.79,120.13,114.32,101.66,85.14,82.12,69.67,63.20,67.57,83.81,112.95,116.40,106.36,100.65,100.35,106.63,106.48,110.79,112.80,116.37,130.94,143.00,160.90,166.61,152.19,130.16,93.17,75.53,112.49,172.83,193.56,165.06,129.24,103.32,95.83,98.91,86.29,70.55,69.33,66.15,55.45,53.66,61.18,72.17,81.43,88.01,106.92,134.87,162.27,181.73,181.70,182.99,198.07,208.24,198.30,137.60,44.57,24.84,84.85,119.08,113.71,102.79,82.60,62.92,55.80,68.51,95.27,115.18,117.46,106.27,106.38,116.00,117.02,111.48,98.41,97.64,110.70,119.46,141.23,170.65,178.10,159.12,139.65,129.40,106.75,87.04,104.04,167.00,222.08,196.70,132.21,91.41,81.18,96.63,96.12,77.56,66.67,45.02,36.71,50.33,57.49,76.14,87.58,85.62,106.76,142.18,189.95,216.86,193.35,185.27,211.76,205.85,121.16,20.14,24.97,92.38,115.42,122.18,104.68,65.04,68.86,70.61
1.0,224.12,20.14,113.71,102.79,82.60,62.92,55.80,68.51,95.27,115.18,117.46,106.27,106.38,116.00,117.02,111.48,98.41,97.64,110.70,119.46,141.23,170.65,178.10,159.12,139.65,129.40,106.75,87.04,104.04,167.00,222.08,196.70,132.21,91.41,81.18,96.63,96.12,77.56,66.67,45.02,36.71,50.33,57.49,76.14,87.58,85.62,106.76,142.18,189.95,216.86,193.35,185.27,211.76,205.85,121.16,20.14,24.97,92.38,115.42,122.18,104.68,65.04,68.86,70.61,63.38,77.26,87.50,110.43,110.39,87.70,91.11,90.59,99.27,116.12,117.30,121.10,118.38,120.46,134.85,155.91,176.39,167.01,150.01,124.65,87.26,99.99,135.36,154.97,175.86,151.79,105.03,95.67,88.29,81.22,73.82,51.46,46.61,49.93,55.35,68.15,73.29,77.66,81.11,96.79,128.79,163.71,190.85,186.07,184.79,212.23,224.12,209.38,176.29,112.58,53.83,103.97,182.78,124.76,70.43,79.86,45.04,54.92,88.96,96.58,122.47,102.26,86.15,97.67
1.0,224.12,31.55,87.50,110.43,110.39,87.70,91.11,90.59,99.27,116.12,117.30,121.10,118.38,120.46,134.85,155.91,176.39,167.01,150.01,124.65,87.26,99.99,135.36,154.97,175.86,151.79,105.03,95.67,88.29,81.22,73.82,51.46,46.61,49.93,55.35,68.15,73.29,77.66,81.11,96.79,128.79,163.71,190.85,186.07,184.79,212.23,224.12,209.38,176.29,112.58,53.83,103.97,182.78,124.76,70.43,79.86,45.04,54.92,88.96,96.58,122.47,102.26,86.15,97.67,94.12,120.93,119.55,99.75,105.35,97.63,106.80,122.11,145.57,178.76,176.60,162.43,121.82,69.72,71.58,119.16,182.39,199.65,158.09,123.17,106.75,93.01,87.83,83.29,63.57,53.70,57.01,49.94,58.37,74.63,81.30,87.96,87.61,105.58,137.92,159.85,173.98,170.09,173.47,191.83,193.66,162.09,88.14,31.55,40.95,77.52,111.98,122.74,104.53,88.60,78.73,66.35,59.28,66.18,91.23,113.89,115.47,107.41,100.10,100.16,102.78,101.21,104.42,108.47
1.0,202.48,31.55,119.55,99.75,105.35,97.63,106.80,122.11,145.57,178.76,176.60,162.43,121.82,69.72,71.58,119.16,182.39,199.65,158.09,123.17,106.75,93.01,87.83,83.29,63.57,53.70,57.01,49.94,58.37,74.63,81.30,87.96,87.61,105.58,137.92,159.85,173.98,170.09,173.47,191.83,193.66,162.09,88.14,31.55,40.95,77.52,111.98,122.74,104.53,88.60,78.73,66.35,59.28,66.18,91.23,113.89,115.47,107.41,100.10,100.16,102.78,101.21,104.42,108.47,111.05,112.10,112.95,124.87,135.48,141.75,144.10,113.09,73.20,83.03,120.65,159.22,196.61,171.73,115.70,109.01,102.63,89.74,82.58,62.00,60.07,56.25,53.59,66.08,68.96,85.40,86.58,79.32,106.09,123.47,144.06,184.53,198.95,178.44,168.40,194.77,202.48,160.45,94.05,56.47,85.21,119.79,129.13,119.45,85.57,74.45,74.61,65.39,75.94,87.44,104.92,118.94,104.58,102.11,102.86,99.15,111.62,113.59,111.85,111.93,108.12,124.18,155.94,187.59
1.0,222.34,0.00,112.95,124.87,135.48,141.75,144.10,113.09,73.20,83.03,120.65,159.22,196.61,171.73,115.70,109.01,102.63,89.74,82.58,62.00,60.07,56.25,53.59,66.08,68.96,85.40,86.58,79.32,106.09,123.47,144.06,184.53,198.95,178.44,168.40,194.77,202.48,160.45,94.05,56.47,85.21,119.79,129.13,119.45,85.57,74.45,74.61,65.39,75.94,87.44,104.92,118.94,104.58,102.11,102.86,99.15,111.62,113.59,111.85,111.93,108.12,124.18,155.94,187.59,193.47,169.04,136.59,93.65,76.39,106.39,143.20,173.53,175.38,140.38,112.93,102.97,101.93,102.07,91.32,75.40,49.77,37.60,55.95,68.77,78.21,85.46,81.58,94.96,113.56,124.74,157.75,193.58,178.28,152.65,185.12,222.34,215.17,131.51,0.00,0.00,66.64,115.44,143.29,117.57,62.76,53.28,31.94,46.10,99.74,117.21,128.53,111.95,88.69,100.83,101.99,107.43,111.74,101.84,106.40,111.09,120.37,129.75,136.35,158.09,166.44,157.83,141.74,117.72
1.0,222.34,0.00,136.59,93.65,76.39,106.39,143.20,173.53,175.38,140.38,112.93,102.97,101.93,102.07,91.32,75.40,49.77,37.60,55.95,68.77,78.21,85.46,81.58,94.96,113.56,124.74,157.75,193.58,178.28,152.65,185.12,222.34,215.17,131.51,0.00,0.00,66.64,115.44,143.29,117.57,62.76,53.28,31.94,46.10,99.74,117.21,128.53,111.95,88.69,100.83,101.99,107.43,111.74,101.84,106.40,111.09,120.37,129.75,136.35,158.09,166.44,157.83,141.74,117.72,114.23,124.60,130.52,145.20,154.51,138.86,122.45,115.70,104.87,94.92,79.50,57.35,52.26,64.39,77.53,83.48,79.52,73.65,78.15,96.68,129.17,161.39,170.95,169.43,173.09,185.49,206.12,199.32,140.11,54.57,12.74,50.94,107.14,148.13,159.22,125.76,95.24,51.67,32.84,91.53,116.19,113.80,118.35,93.25,95.66,100.54,100.46,115.87,106.74,111.41,115.36,110.18,117.24,111.47,132.82,166.10,170.14,146.56,102.29,90.96,112.57,152.16,198.14,194.27
1.0,206.12,12.74,130.52,145.20,154.51,138.86,122.45,115.70,104.87,94.92,79.50,57.35,52.26,64.39,77.53,83.48,79.52,73.65,78.15,96.68,129.17,161.39,170.95,169.43,173.09,185.49,206.12,199.32,140.11,54.57,12.74,50.94,107.14,148.13,159.22,125.76,95.24,51.67,32.84,91.53,116.19,113.80,118.35,93.25,95.66,100.54,100.46,115.87,106.74,111.41,115.36,110.18,117.24,111.47,132.82,166.10,170.14,146.56,102.29,90.96,112.57,152.16,198.14,194.27,150.35,109.55,89.16,84.89,78.20,74.13,72.42,62.16,52.07,52.41,60.71,74.88,88.41,94.85,103.42,125.10,160.27,178.27,168.13,168.90,178.20,188.22,203.62,173.79,96.07,44.28,58.91,106.79,127.78,118.80,95.02,65.44,57.69,61.97,68.71,94.32,124.52,121.07,92.25,87.46,93.30,98.89,113.58,110.12,106.48,109.52,111.87,123.68,123.71,130.97,156.44,172.10,165.85,125.87,78.58,69.52,109.38,160.86,183.01,175.06,136.65,95.04,84.46,84.64
1.0,210.07,11.93,89.16,84.89,78.20,74.13,72.42,62.16,52.07,52.41,60.71,74.88,88.41,94.85,103.42,125.10,160.27,178.27,168.13,168.90,178.20,188.22,203.62,173.79,96.07,44.28,58.91,106.79,127.78,118.80,95.02,65.44,57.69,61.97,68.71,94.32,124.52,121.07,92.25,87.46,93.30,98.89,113.58,110.12,106.48,109.52,111.87,123.68,123.71,130.97,156.44,172.10,165.85,125.87,78.58,69.52,109.38,160.86,183.01,175.06,136.65,95.04,84.46,84.64,72.11,56.20,52.89,57.63,70.13,82.84,81.42,76.56,71.80,84.13,114.71,142.38,172.75,183.75,177.73,186.64,199.72,210.07,194.60,119.52,25.53,11.93,88.04,144.10,143.08,118.23,84.20,63.78,51.18,57.13,93.74,121.32,127.74,109.38,90.55,100.44,110.94,120.23,114.27,93.80,98.13,104.84,113.24,133.27,147.46,164.13,166.14,148.36,124.21,95.22,88.34,111.87,156.70,195.98,182.80,138.48,109.36,97.10,96.59,94.25,80.68,62.85,48.99,55.03
1.0,210.07,11.93,52.89,57.63,70.13,82.84,81.42,76.56,71.80,84.13,114.71,142.38,172.75,183.75,177.73,186.64,199.72,210.07,194.60,119.52,25.53,11.93,88.04,144.10,143.08,118.23,84.20,63.78,51.18,57.13,93.74,121.32,127.74,109.38,90.55,100.44,110.94,120.23,114.27,93.80,98.13,104.84,113.24,133.27,147.46,164.13,166.14,148.36,124.21,95.22,88.34,111.87,156.70,195.98,182.80,138.48,109.36,97.10,96.59,94.25,80.68,62.85,48.99,55.03,71.72,84.97,92.71,84.42,79.01,81.31,98.25,148.29,177.49,168.71,152.47,141.96,172.02,202.33,164.32,93.72,52.33,58.56,80.73,100.85,134.28,130.65,86.20,74.88,71.60,71.44,93.69,97.01,103.68,108.24,98.76,101.91,101.46,113.28,119.55,110.24,112.13,103.80,108.35,123.23,128.63,138.57,142.35,154.28,153.42,122.76,94.14,80.50,102.60,134.41,154.57,171.76,152.40,122.09,113.83,108.00,101.34,81.46,64.69,65.23,60.84,68.79,85.10,86.43
1.0,239.84,25.91,83.67,67.24,73.42,101.16,119.72,105.06,86.27,82.24,81.93,84.97,92.56,94.45,87.51,82.87,82.24,87.02,97.21,106.17,108.40,99.70,95.51,102.03,108.56,116.44,129.30,147.90,156.70,150.42,148.66,144.86,121.42,93.29,89.72,105.08,127.40,167.67,181.84,143.79,122.09,121.61,101.90,88.66,85.99,71.66,58.27,53.12,46.42,44.62,53.57,64.06,75.34,88.18,111.03,150.46,183.19,189.99,169.62,148.28,156.97,180.47,195.24,184.51,141.53,77.12,25.91,56.03,119.73,122.64,115.59,107.59,77.92,65.37,51.45,58.85,93.93,110.42,116.35,97.97,84.60,98.16,100.08,106.74,108.87,104.04,112.24,120.71,142.64,163.54,165.23,159.94,140.59,105.62,73.49,79.08,120.97,162.63,184.19,177.61,151.86,112.67,92.95,106.02,93.16,69.07,60.25,44.84,49.02,63.69,74.26,89.45,86.95,86.65,99.58,116.32,148.41,165.80,158.65,163.58,195.91,239.84,236.63,142.21,35.90,29.76,73.34,101.58
1.0,239.84,25.91,25.91,56.03,119.73,122.64,115.59,107.59,77.92,65.37,51.45,58.85,93.93,110.42,116.35,97.97,84.60,98.16,100.08,106.74,108.87,104.04,112.24,120.71,142.64,163.54,165.23,159.94,140.59,105.62,73.49,79.08,120.97,162.63,184.19,177.61,151.86,112.67,92.95,106.02,93.16,69.07,60.25,44.84,49.02,63.69,74.26,89.45,86.95,86.65,99.58,116.32,148.41,165.80,158.65,163.58,195.91,239.84,236.63,142.21,35.90,29.76,73.34,101.58,159.79,172.10,93.33,50.52,46.94,52.76,79.38,90.55,110.90,125.15,108.88,94.54,87.90,105.08,114.74,107.62,107.74,99.65,105.85,116.94,131.08,158.84,167.56,168.12,151.28,109.50,72.30,59.14,95.29,161.98,208.54,196.39,148.64,115.03,88.11,85.91,93.92,69.98,53.47,43.25,38.06,59.84,75.95,85.68,89.17,94.89,124.03,151.86,170.44,166.19,149.82,156.25,179.36,207.77,195.81,144.45,88.00,36.62,67.50,128.13,119.74,107.99,87.08,59.25
1.0,209.18,33.55,93.33,50.52,46.94,52.76,79.38,90.55,110.90,125.15,108.88,94.54,87.90,105.08,114.74,107.62,107.74,99.65,105.85,116.94,131.08,158.84,167.56,168.12,151.28,109.50,72.30,59.14,95.29,161.98,208.54,196.39,148.64,115.03,88.11,85.91,93.92,69.98,53.47,43.25,38.06,59.84,75.95,85.68,89.17,94.89,124.03,151.86,170.44,166.19,149.82,156.25,179.36,207.77,195.81,144.45,88.00,36.62,67.50,128.13,119.74,107.99,87.08,59.25,63.57,58.27,82.38,123.84,121.87,108.83,93.89,95.01,108.75,112.93,119.10,110.93,105.00,107.91,110.98,131.74,149.21,162.50,169.70,150.82,117.98,85.05,83.30,116.79,148.76,160.70,150.64,142.30,137.64,117.42,102.92,105.02,99.49,72.77,53.49,58.83,54.57,49.79,67.89,82.24,86.74,88.30,98.79,129.34,155.98,165.56,161.40,161.64,186.69,209.18,198.88,147.07,69.32,33.55,62.36,88.67,95.41,105.92,97.50,83.75,77.71,65.80,76.59,95.27
1.0,237.04,20.82,82.38,123.84,121.87,108.83,93.89,95.01,108.75,112.93,119.10,110.93,105.00,107.91,110.98,131.74,149.21,162.50,169.70,150.82,117.98,85.05,83.30,116.79,148.76,160.70,150.64,142.30,137.64,117.42,102.92,105.02,99.49,72.77,53.49,58.83,54.57,49.79,67.89,82.24,86.74,88.30,98.79,129.34,155.98,165.56,161.40,161.64,186.69,209.18,198.88,147.07,69.32,33.55,62.36,88.67,95.41,105.92,97.50,83.75,77.71,65.80,76.59,95.27,110.88,125.45,106.46,94.19,97.67,97.26,112.05,110.04,104.16,111.31,111.87,127.16,144.83,161.36,172.07,147.65,117.42,96.83,87.80,109.45,143.31,164.42,164.46,148.85,126.05,102.23,95.05,96.02,81.69,67.21,66.95,68.54,73.61,85.17,88.67,80.32,73.86,82.88,108.55,146.15,174.82,173.51,168.82,184.49,216.69,237.04,170.30,51.07,20.82,74.19,120.82,144.46,141.25,109.08,73.31,59.82,68.90,76.02,88.91,114.15,111.79,99.14,100.58,89.33
1.0,237.04,20.82,106.46,94.19,97.67,97.26,112.05,110.04,104.16,111.31,111.87,127.16,144.83,161.36,172.07,147.65,117.42,96.83,87.80,109.45,143.31,164.42,164.46,148.85,126.05,102.23,95.05,96.02,81.69,67.21,66.95,68.54,73.61,85.17,88.67,80.32,73.86,82.88,108.55,146.15,174.82,173.51,168.82,184.49,216.69,237.04,170.30,51.07,20.82,74.19,120.82,144.46,141.25,109.08,73.31,59.82,68.90,76.02,88.91,114.15,111.79,99.14,100.58,89.33,104.95,135.45,116.91,104.75,108.35,97.61,112.44,133.47,145.06,165.36,171.72,159.83,128.63,81.55,64.88,97.91,154.91,218.04,236.79,164.80,89.92,76.14,65.45,63.03,82.83,83.74,73.69,63.66,55.76,68.29,83.27,85.64,87.85,91.53,103.83,132.54,167.51,185.77,184.72,202.57,224.88,187.01,100.58,40.39,57.54,113.47,132.20,114.46,87.44,63.47,48.71,46.02,72.13,98.01,108.13,118.74,105.89,94.27,103.34,108.04,112.87,106.36,92.79,93.32
1.0,236.79,0.00,116.91,104.75,108.35,97.61,112.44,133.47,145.06,165.36,171.72,159.83,128.63,81.55,64.88,97.91,154.91,218.04,236.79,164.80,89.92,76.14,65.45,63.03,82.83,83.74,73.69,63.66,55.76,68.29,83.27,85.64,87.85,91.53,103.83,132.54,167.51,185.77,184.72,202.57,224.88,187.01,100.58,40.39,57.54,113.47,132.20,114.46,87.44,63.47,48.71,46.02,72.13,98.01,108.13,118.74,105.89,94.27,103.34,108.04,112.87,106.36,92.79,93.32,107.89,128.02,134.13,138.30,153.90,159.07,142.08,110.24,82.40,82.50,117.21,161.48,179.13,159.72,137.54,130.93,108.01,83.02,88.01,86.58,58.90,43.07,52.10,62.68,73.50,79.77,75.25,82.28,94.32,110.98,147.15,171.39,170.34,170.43,192.95,227.99,224.74,142.75,23.89,0.00,66.08,128.96,134.08,117.32,80.50,46.32,46.65,73.36,98.50,111.36,118.42,109.48,95.40,97.29,104.87,114.31,117.29,109.72,107.21,111.23,121.53,138.80,165.45,190.19
1.0,227.99,0.00,134.13,138.30,153.90,159.07,142.08,110.24,82.40,82.50,117.21,161.48,179.13,159.72,137.54,130.93,108.01,83.02,88.01,86.58,58.90,43.07,52.10,62.68,73.50,79.77,75.25,82.28,94.32,110.98,147.15,171.39,170.34,170.43,192.95,227.99,224.74,142.75,23.89,0.00,66.08,128.96,134.08,117.32,80.50,46.32,46.65,73.36,98.50,111.36,118.42,109.48,95.40,97.29,104.87,114.31,117.29,109.72,107.21,111.23,121.53,138.80,165.45,190.19,169.39,114.62,85.61,85.06,106.94,145.34,160.07,153.66,136.04,110.42,110.17,114.02,99.72,91.90,76.85,51.59,50.31,61.89,62.92,70.57,74.58,66.94,78.06,101.13,141.96,197.44,210.99,193.64,192.80,215.29,219.67,137.35,13.37,0.00,54.14,126.33,157.02,133.36,63.14,22.13,23.02,45.42,86.82,118.60,129.97,105.09,85.14,103.50,109.74,115.60,114.78,96.72,98.88,105.75,121.62,146.39,165.73,183.29,173.01,132.66,77.51,56.25,104.56,158.10
1.0,219.67,0.00,85.61,85.06,106.94,145.34,160.07,153.66,136.04,110.42,110.17,114.02,99.72,91.90,76.85,51.59,50.31,61.89,62.92,70.57,74.58,66.94,78.06,101.13,141.96,197.44,210.99,193.64,192.80,215.29,219.67,137.35,13.37,0.00,54.14,126.33,157.02,133.36,63.14,22.13,23.02,45.42,86.82,118.60,129.97,105.09,85.14,103.50,109.74,115.60,114.78,96.72,98.88,105.75,121.62,146.39,165.73,183.29,173.01,132.66,77.51,56.25,104.56,158.10,183.46,180.08,143.23,111.43,97.90,96.26,89.38,68.60,64.90,60.71,49.26,55.11,60.87,71.20,83.15,84.33,98.49,142.13,199.89,210.09,188.17,201.92,207.49,205.78,201.48,89.03,0.00,11.37,120.80,152.60,142.75,103.56,56.59,39.81,46.43,81.57,106.53,114.63,116.80,94.70,98.88,105.81,105.54,125.72,113.75,108.78,113.26,103.79,114.57,114.45,134.67,178.84,185.83,153.70,97.12,73.97,99.46,138.54,182.21,197.51,166.07,121.44,101.21,93.00
1.0,228.47,0.00,143.23,111.43,97.90,96.26,89.38,68.60,64.90,60.71,49.26,55.11,60.87,71.20,83.15,84.33,98.49,142.13,199.89,210.09,188.17,201.92,207.49,205.78,201.48,89.03,0.00,11.37,120.80,152.60,142.75,103.56,56.59,39.81,46.43,81.57,106.53,114.63,116.80,94.70,98.88,105.81,105.54,125.72,113.75,108.78,113.26,103.79,114.57,114.45,134.67,178.84,185.83,153.70,97.12,73.97,99.46,138.54,182.21,197.51,166.07,121.44,101.21,93.00,83.24,73.01,51.81,44.13,47.46,51.52,69.48,76.24,77.30,87.32,103.58,145.09,200.24,228.47,216.95,212.50,222.08,181.84,93.86,20.39,33.72,119.68,177.98,181.34,117.34,45.21,58.54,71.46,56.05,72.09,99.10,126.37,118.89,92.83,100.77,103.19,102.22,108.72,103.05,105.96,107.57,105.93,116.69,132.16,162.08,178.77,162.21,139.73,103.09,83.60,116.90,158.48,187.76,187.15,144.82,105.60,85.26,82.93,85.87,72.52,64.06,54.06,44.32,53.98
1.0,239.00,20.39,51.81,44.13,47.46,51.52,69.48,76.24,77.30,87.32,103.58,145.09,200.24,228.47,216.95,212.50,222.08,181.84,93.86,20.39,33.72,119.68,177.98,181.34,117.34,45.21,58.54,71.46,56.05,72.09,99.10,126.37,118.89,92.83,100.77,103.19,102.22,108.72,103.05,105.96,107.57,105.93,116.69,132.16,162.08,178.77,162.21,139.73,103.09,83.60,116.90,158.48,187.76,187.15,144.82,105.60,85.26,82.93,85.87,72.52,64.06,54.06,44.32,53.98,61.78,77.77,90.72,87.24,101.26,121.59,150.18,181.19,181.67,190.53,224.84,239.00,187.98,86.41,37.25,65.85,104.90,129.61,113.41,68.94,52.67,42.77,38.52,66.99,87.99,101.10,117.45,104.92,87.05,99.13,112.01,107.18,109.93,112.67,109.59,119.97,130.79,143.15,151.79,159.83,177.88,143.50,79.37,70.51,106.79,158.75,179.35,156.88,136.62,113.61,90.91,89.24,90.54,81.68,65.89,50.75,55.19,70.62,68.45,69.57,78.96,83.03,110.56,143.49
1.0,239.00,0.00,90.72,87.24,101.26,121.59,150.18,181.19,181.67,190.53,224.84,239.00,187.98,86.41,37.25,65.85,104.90,129.61,113.41,68.94,52.67,42.77,38.52,66.99,87.99,101.10,117.45,104.92,87.05,99.13,112.01,107.18,109.93,112.67,109.59,119.97,130.79,143.15,151.79,159.83,177.88,143.50,79.37,70.51,106.79,158.75,179.35,156.88,136.62,113.61,90.91,89.24,90.54,81.68,65.89,50.75,55.19,70.62,68.45,69.57,78.96,83.03,110.56,143.49,161.22,176.00,179.58,200.16,237.39,229.04,138.84,9.07,0.00,22.46,106.02,170.72,135.40,35.22,28.67,43.56,51.12,121.95,131.34,107.29,121.68,101.25,95.32,111.70,119.00,116.65,96.32,101.59,108.86,118.08,136.26,133.40,156.35,179.06,170.23,150.52,103.44,69.64,87.01,137.54,192.47,207.58,167.31,119.07,95.11,80.42,85.51,90.42,75.60,63.70,44.51,55.17,85.88,76.69,77.56,90.08,108.37,166.46,194.16,181.51,189.11,197.05,199.00,208.19
1.0,237.39,0.00,179.58,200.16,237.39,229.04,138.84,9.07,0.00,22.46,106.02,170.72,135.40,35.22,28.67,43.56,51.12,121.95,131.34,107.29,121.68,101.25,95.32,111.70,119.00,116.65,96.32,101.59,108.86,118.08,136.26,133.40,156.35,179.06,170.23,150.52,103.44,69.64,87.01,137.54,192.47,207.58,167.31,119.07,95.11,80.42,85.51,90.42,75.60,63.70,44.51,55.17,85.88,76.69,77.56,90.08,108.37,166.46,194.16,181.51,189.11,197.05,199.00,208.19,175.97,89.15,34.80,62.03,119.05,146.43,123.82,76.59,53.02,54.86,60.20,77.61,102.70,121.17,119.65,99.89,98.51,103.26,101.52,104.82,97.01,98.22,111.17,123.76,135.30,135.94,156.27,172.33,148.60,113.61,74.06,67.01,114.42,165.44,183.15,165.77,137.75,108.96,93.67,104.78,94.12,62.96,50.48,45.18,57.88,79.45,81.63,80.50,78.32,81.88,100.59,129.14,164.53,180.34,171.40,165.85,183.18,195.92,170.77,140.18,98.61,45.64,60.93,116.00
1.0,214.22,0.00,34.80,62.03,119.05,146.43,123.82,76.59,53.02,54.86,60.20,77.61,102.70,121.17,119.65,99.89,98.51,103.26,101.52,104.82,97.01,98.22,111.17,123.76,135.30,135.94,156.27,172.33,148.60,113.61,74.06,67.01,114.42,165.44,183.15,165.77,137.75,108.96,93.67,104.78,94.12,62.96,50.48,45.18,57.88,79.45,81.63,80.50,78.32,81.88,100.59,129.14,164.53,180.34,171.40,165.85,183.18,195.92,170.77,140.18,98.61,45.64,60.93,116.00,128.88,119.17,96.03,62.00,56.16,70.40,95.43,122.32,118.92,111.25,110.30,98.71,108.88,125.67,105.98,89.75,100.11,109.03,118.82,119.22,112.19,123.36,137.73,153.07,157.73,139.39,118.70,79.22,52.79,90.44,141.28,164.25,161.47,144.98,135.94,127.35,118.97,103.79,71.32,54.04,50.19,50.61,70.28,79.29,74.77,77.41,81.45,101.92,139.83,180.35,200.53,183.46,178.08,207.37,214.22,147.28,40.13,0.00,35.88,92.31,141.48,130.22,70.87,53.73
1.0,226.77,0.00,96.03,62.00,56.16,70.40,95.43,122.32,118.92,111.25,110.30,98.71,108.88,125.67,105.98,89.75,100.11,109.03,118.82,119.22,112.19,123.36,137.73,153.07,157.73,139.39,118.70,79.22,52.79,90.44,141.28,164.25,161.47,144.98,135.94,127.35,118.97,103.79,71.32,54.04,50.19,50.61,70.28,79.29,74.77,77.41,81.45,101.92,139.83,180.35,200.53,183.46,178.08,207.37,214.22,147.28,40.13,0.00,35.88,92.31,141.48,130.22,70.87,53.73,54.72,55.96,78.53,98.12,120.07,115.21,95.08,101.75,100.74,111.19,118.54,107.17,114.03,104.95,100.71,110.59,112.18,136.44,153.17,159.09,162.87,129.07,83.84,75.55,117.86,163.31,171.56,163.27,147.37,124.06,103.49,98.98,94.92,73.42,61.85,62.78,66.27,75.06,78.95,77.77,74.39,74.93,82.87,101.28,133.66,167.57,193.00,191.18,185.48,216.01,226.77,172.62,83.48,29.81,64.37,112.37,123.52,119.77,84.03,56.16,56.46,67.11,105.49,126.36
